id,position
216302,LB
237867,LDM
253472,LWB
223994,LS
251635,LB
219575,RW
200316,GK
222199,LCM
234172,RM
233196,RCM
257728,LB
234642,GK
199912,LW
198688,LCB
215071,RB
138949,LCB
216751,RB
260383,LB
253735,LS
234833,GK
204761,RCB
210739,CDM
176849,LCB
246870,LB
210520,RCB
224690,RCB
233945,RCM
224793,RB
235101,CDM
239316,LCM
198328,RCB
224494,LWB
223223,RDM
223679,RCM
236239,GK
230475,CAM
224970,LWB
215990,LCB
212888,LCB
202977,RCM
234264,RM
184843,CB
215245,ST
211365,RM
251832,LB
257080,LS
239783,ST
194415,RS
234350,RM
159145,LS
193738,CAM
215441,LS
260323,GK
158626,RB
244271,LCM
247938,LM
240743,RM
262480,CAM
202810,GK
213556,LDM
256953,GK
262859,LCB
245100,LCB
233732,RW
225341,LCB
246157,CB
223791,CAM
230402,LM
227153,LB
207910,LCB
258289,CDM
229155,LWB
227498,RW
212449,RCB
205998,RCM
208739,LW
226507,LS
224030,LDM
224794,CAM
241452,LM
208422,LDM
226706,LM
233457,RCB
247197,RB
195033,RW
231447,LS
186494,GK
242087,LCM
188000,RDM
230337,LB
207984,LCM
204222,CB
195038,LM
247910,CDM
235212,RB
253008,RB
210475,CDM
231184,LS
254234,CDM
200196,RM
205970,RW
204401,RB
223737,GK
214701,LCB
202515,ST
224866,LS
162053,CB
181468,GK
243816,RB
237895,LM
207916,RCM
252706,RB
251914,ST
229682,LCB
230328,GK
219684,LW
241032,LDM
188938,GK
202748,LW
192955,LCM
241269,RWB
236260,RCB
242351,LB
239635,RB
225625,RB
244757,RB
257794,GK
226508,LB
225650,GK
245156,LCB
251221,CDM
224196,LB
216682,LW
246708,RW
225614,RDM
235125,RCM
188128,ST
221820,LCM
212249,RCM
215277,RCB
243778,GK
237570,LCB
260271,RB
259767,LWB
258685,RS
257827,GK
172232,RCB
221610,GK
230434,RDM
233571,RCM
229466,LM
214193,LB
224396,RCB
245016,RM
223779,RCM
225282,GK
232898,LF
213189,ST
202663,CAM
262491,LWB
252857,LCB
258460,RB
222045,CB
230140,RCB
221322,CB
239872,LCB
200724,LCB
259726,RB
263152,RB
221680,RB
224662,RM
219948,ST
224428,RM
236298,CDM
234717,GK
231674,LCB
231916,LCB
163587,GK
238924,ST
173155,RCM
230888,CDM
259166,GK
228717,RS
215374,RS
235996,LM
251908,RWB
253923,ST
211195,LB
218467,LB
172317,LCB
193461,CAM
230623,ST
224403,LM
257431,ST
199570,RB
246406,CB
241818,RWB
192567,RB
204529,ST
212187,LB
199157,LB
229496,LCB
253504,LB
244186,LF
232136,RCB
252859,LCM
194678,RCB
216199,RCB
228838,RDM
252270,LB
234612,RM
228624,LCB
262384,CAM
183706,RS
230237,RDM
206222,LCB
247528,LCB
241084,LM
186595,RWB
251629,LCM
255285,RCB
202925,ST
234860,RCM
187205,LB
224376,RCB
228757,LCB
205089,LCM
191210,RB
237662,RWB
199665,RDM
220454,RWB
215010,CB
240716,LB
200653,RCB
243603,RWB
240132,LCM
220819,LB
256548,LM
226385,RM
246560,RS
253073,LCB
219489,RB
183596,GK
262383,RDM
224953,GK
220058,GK
240978,LW
203848,CB
202789,GK
201155,CAM
245652,RS
243525,LDM
233451,LCM
238545,ST
235176,CAM
153275,GK
216706,RCM
247630,LCM
247972,CAM
201346,ST
224336,LCM
216643,RB
211557,LB
205139,RCB
202749,CB
209232,LCB
212516,RCB
168435,GK
220948,CDM
232412,CAM
224250,LCB
241096,RDM
143076,LCM
216232,LM
230420,ST
201976,GK
229391,LCM
245040,RCB
246420,RM
229065,RCB
152916,RW
230298,ST
223159,RCB
229504,LCM
243117,RCM
233500,LW
208088,CDM
239504,RW
214765,RCB
183632,CDM
197641,GK
233941,RS
259212,RB
231145,RWB
253428,GK
187225,RB
205887,ST
251581,RCM
255063,RCB
209816,RCB
194059,LDM
186674,RCM
252305,RCB
244772,LM
194017,RM
201505,RDM
240031,LB
234772,RM
184290,ST
235536,LB
188943,GK
231307,LWB
224415,LM
197391,RB
239125,ST
246403,CB
225151,CAM
263183,LCB
253625,LCM
196978,RS
219803,RB
251353,ST
205850,RS
253700,LM
203783,RWB
204348,RCM
198849,LCM
198071,RB
213597,CAM
228362,LB
237539,LM
209667,RCB
231969,RF
188336,RCB
230327,LCB
208462,RCB
214567,RS
234358,RM
263390,LCB
195365,LDM
222715,CM
243125,LB
241508,LM
183244,GK
183228,CB
223907,RM
214063,RCM
174754,LS
230435,CDM
243559,RM
179822,RCB
212099,LCM
235439,RW
207960,RM
242655,LCM
202558,RM
201304,ST
192587,LCM
253794,LCB
233254,CAM
255169,LS
230240,LB
246803,LB
191154,RS
230331,RDM
202676,RS
169404,GK
242879,GK
183394,RCM
235663,CAM
259105,LW
202501,LB
248252,CAM
170733,RW
247188,CAM
230323,GK
233820,LCB
222970,LCM
207683,GK
244399,LCM
246033,CM
189596,CAM
241935,RCB
210804,LCB
200895,CAM
231137,LCM
246563,RCB
210482,RCB
182047,GK
216698,LM
260867,LM
204787,LDM
246158,GK
190941,GK
247112,LCM
248118,LW
248297,CDM
190592,RCB
233298,RB
225555,RB
252996,RM
213763,CDM
222692,RB
262356,LM
253464,LCM
199633,RB
243630,RS
230206,RB
188930,RB
247627,RM
213969,LM
219670,LB
228782,RCM
245840,RM
230183,RM
234005,RCM
263063,GK
222829,GK
221459,LS
254289,RB
222716,LM
238097,LW
229435,CAM
219566,ST
187069,LB
238865,RDM
251549,CAM
262620,RM
230343,LM
221244,ST
193870,GK
209491,RCB
216836,RCM
247467,LCB
212204,LCB
237885,RB
257863,LCB
231299,CB
239989,RCB
212226,CM
207471,LCM
200793,RCB
243596,RDM
232256,LCB
228762,RB
239925,LCM
182520,GK
203315,RB
186655,GK
192070,LCB
210514,LB
210129,RB
205892,ST
142616,GK
202905,ST
225168,LM
224447,RB
243845,LM
243170,LS
229507,RCB
214365,LCB
239250,ST
186905,LS
227785,CAM
244489,LCB
234826,LS
213152,LW
255001,LCM
162240,LCM
199669,LCB
217287,LCM
250881,RDM
230382,LCB
255536,RCB
233225,LCB
253644,LB
205669,LB
224238,LCB
199683,RB
201911,CAM
196972,RCB
212040,LCB
259607,CB
227527,ST
240950,RW
242635,CB
190031,LCB
243580,LS
205975,RB
190815,LB
235152,LM
239944,LW
233048,RDM
257020,RM
237743,LCM
241278,RCM
219145,CB
211946,GK
205157,LDM
188182,LCB
183346,RDM
240473,LB
224460,RB
214021,RCB
230736,LCM
230411,RCM
217826,LDM
241050,GK
263056,RM
251633,RM
254039,LDM
202620,CAM
207740,LW
211489,LCM
221421,LS
167435,GK
241687,LB
233484,CDM
216750,GK
252807,RDM
242238,RCB
260485,RS
235312,GK
239361,CAM
230607,RB
204297,LCB
227961,LB
237477,RM
263178,RCB
260324,RCM
219787,CB
200215,LDM
246594,RDM
210619,LDM
194222,RCB
247263,RCB
241551,LB
231320,RCB
229956,GK
182521,LCM
235320,LS
175895,RCM
238786,LDM
198469,RDM
247187,ST
238114,LWB
261435,LF
230224,RCB
234846,GK
156464,CB
208505,RS
223243,LCB
238050,LM
229321,LM
222492,LM
232424,CB
237153,RCM
256674,LCM
190826,CB
245058,CAM
213648,RCM
206626,ST
233486,LCB
209711,CB
239383,LB
240638,LCM
255398,LM
238958,RDM
242614,LCB
248602,LCB
244963,LCB
200812,RCB
231956,LCB
166072,RCB
245138,LCM
262938,LCB
225361,GK
257133,LW
205995,LB
214722,RM
236804,LCB
182464,RM
201403,ST
240648,LCM
184387,RDM
255930,RCM
256967,LCB
227939,LM
241422,LW
230431,LCM
226006,RB
191566,LCM
257624,RS
233585,CAM
239104,LCB
199247,CAM
228194,LB
223676,LM
261425,LDM
262642,ST
260720,ST
251809,LCB
260034,LCB
244486,RM
234514,RCB
261438,RDM
239593,ST
210772,GK
233950,LW
205159,CB
190459,GK
235242,RCM
202660,CB
215495,LCB
213127,RB
227835,RCM
193092,LM
254525,LS
240050,RB
256819,RWB
232489,LCM
235740,GK
222585,ST
195272,RM
252849,LCB
158023,RW
244253,LCM
144172,GK
238106,LB
177299,GK
226114,ST
226853,RCB
234236,ST
190286,LM
202893,ST
259645,RCB
203328,RM
243887,LM
229267,RB
237255,RCB
241027,LM
183940,LCM
219848,RCB
194790,RCB
223855,RCM
189824,RCB
255274,CB
189172,LCM
231512,LCB
228790,RB
242568,CB
232787,RM
248017,RW
253670,RDM
158309,RS
230691,LB
206412,GK
212618,ST
237839,LCB
210021,CAM
251470,LW
259634,LB
235410,ST
200741,RCB
163581,LCB
229073,RWB
235347,LB
207599,LCB
258966,LM
233267,GK
235042,LCM
216388,LS
222024,GK
200463,GK
260248,ST
169345,LB
263035,LWB
238725,CB
252861,RDM
205965,RB
198094,LCM
226456,RM
230392,LM
235157,LS
263166,RS
253105,CAM
193469,LCB
229818,RCB
226045,LB
242562,LCB
176376,CAM
234983,LDM
248112,LCM
182343,CDM
189709,LCB
174669,RCM
192073,RCM
214393,LB
241652,RW
216475,LS
213305,ST
262566,LB
206171,RDM
221595,RS
236572,LB
239608,LB
242325,CDM
216834,RDM
152554,LB
200954,CAM
261533,ST
205192,CM
240922,ST
221584,GK
233575,RB
216814,LCM
244112,CAM
205588,RCB
250810,RCB
182493,CB
206313,LDM
251445,ST
223550,GK
229212,CAM
243100,LB
263339,GK
219293,CB
253251,LDM
231836,LW
219911,LCB
196952,LWB
205632,LW
228225,LCB
251229,RS
261539,RCM
208714,LCB
250882,LM
246255,LCM
216481,LCB
238920,RB
238526,GK
48745,RCB
231410,CAM
202697,RCB
245235,RB
242974,RM
219792,LCM
192318,CAM
221798,GK
226434,RCB
260895,ST
228152,CB
244947,ST
231436,RW
230282,LCB
207804,LB
234949,CAM
259937,GK
257025,LM
191083,LS
203781,LB
201042,RCB
247771,LW
192660,ST
254456,RW
164471,LS
220649,LW
229087,LCB
260582,LF
209004,LB
216447,LM
256849,RS
218341,LCB
211786,CM
227287,CM
212321,CDM
199351,CAM
230213,LCM
204105,RB
228106,RCB
233280,LB
206085,RWB
228961,RCM
212977,LCB
255123,RCB
247912,LW
235253,RM
242202,LS
242618,LM
192985,RCM
228283,RB
243585,GK
214601,RB
225701,GK
190669,GK
222229,GK
216275,RB
234153,RM
182224,GK
244023,CAM
253895,RM
199986,LCB
225956,RW
251213,LCM
222937,CAM
193148,LWB
221281,RCB
234651,RM
216437,CB
183332,RW
253090,GK
221488,LB
251191,LM
242365,RM
241562,LCB
235056,RW
225584,RM
259820,LB
244685,ST
222173,RCM
255742,LCM
169705,LB
233763,GK
201457,ST
184999,RCM
205156,CDM
253150,CAM
247147,RM
188145,LCB
226675,GK
242118,LM
194996,ST
199584,RCM
263955,RW
218311,RM
251435,RCB
233053,LDM
251075,LM
230530,RDM
212066,LM
220886,RCB
261478,ST
225951,LM
255105,ST
255886,RB
238014,LCB
259904,GK
203604,LDM
202033,LB
242628,LWB
231402,LB
206113,RM
243349,RCM
262815,RB
230528,RCB
244932,CAM
228827,LCM
223627,ST
237646,RB
230441,LDM
173178,GK
193900,RB
210719,LCB
246301,LDM
213894,RB
209368,RM
245252,LCB
236496,LDM
261386,RCM
257136,RB
243178,LCM
226087,LM
205145,CAM
237520,RCM
207616,RCB
253652,ST
222986,LCB
221944,LCM
221491,LCB
240333,RCB
220528,ST
238051,RCM
235267,LCB
240531,GK
231841,GK
203139,CB
198176,CB
232284,GK
208093,RS
236557,ST
225195,RW
209950,RM
234627,RS
252096,RB
229648,RWB
225748,RM
263169,RM
263893,RM
194063,RDM
209364,LWB
199419,RM
192883,LM
182632,LCM
205214,LW
239922,ST
246690,RS
210897,RCB
190424,CM
237640,CAM
236692,RS
203754,RCB
240193,LCM
260270,LM
230430,ST
208004,RWB
212980,LCB
230850,CM
223818,RCB
238450,LCB
217940,RCB
183720,CM
236752,ST
232908,RCM
223180,LCB
236480,LCM
257532,LB
210513,RM
203224,LCB
262118,RB
198553,RB
186568,RDM
177896,LCM
173208,LCB
235089,RCB
218591,RCB
223596,RS
225779,LCM
236898,RCM
228518,RCB
191269,LDM
221875,RCM
209989,RDM
216594,CAM
237757,LCB
232894,RCB
236846,LCM
228386,LCB
209954,RCM
245167,LB
236307,LCB
206159,RM
215328,CDM
238503,GK
247444,LCM
210706,CAM
248477,RCB
204895,LW
244565,LCM
240040,RW
199080,RCM
188350,CAM
244510,RM
237540,RF
251260,LS
156507,GK
181479,LCB
210667,CAM
207491,ST
213581,CB
233506,RM
236038,RB
239808,RDM
236006,RCM
263022,LCB
191378,LCM
235236,CAM
261483,LM
242054,RWB
244373,LCM
246437,LCM
224389,CAM
233569,LCM
230468,LW
210713,RCM
215993,LDM
234716,LDM
260265,LCM
205481,LW
179731,RDM
246659,RCB
238925,RB
200826,LS
213228,RCM
255240,LCB
227362,LCB
184301,RS
232512,LM
143809,RS
261402,RCM
209805,GK
185020,RW
235486,LB
202803,RCB
241890,RM
263232,GK
245756,LB
222172,RCM
233413,LCB
222431,GK
230170,GK
233046,LCM
226084,RS
224702,GK
213795,LB
251421,CAM
233314,LCM
216460,CB
263952,LCB
251288,LCB
247257,LCB
219733,LS
230933,RCB
248306,RCB
204333,CB
237679,LS
213938,RCB
207905,RF
205186,GK
179752,RS
238516,RCB
244318,LM
233926,RCB
247031,LCB
203570,RCM
176619,LS
239085,RS
259864,LCB
219546,RCB
262474,LCB
246687,RCM
191552,RCB
228336,RDM
225872,RCM
223963,RCB
223247,LDM
214006,RB
204383,LM
236342,LW
205630,RB
242000,RCB
190528,LCM
258821,LCM
245703,RCB
248340,LDM
247361,CAM
230401,RCB
243993,ST
251292,GK
234087,LWB
228303,ST
233993,RB
229731,LS
137506,RS
235036,CB
203862,RM
216114,LCB
222528,RM
233212,LCB
183422,CDM
241973,LM
244622,LM
250856,RCM
252278,LW
255591,RM
258168,LB
243235,RB
241076,GK
234875,RS
229845,LCM
215502,GK
190021,RM
253860,LB
255948,RM
254541,LS
184901,LDM
198560,LCB
234507,RWB
257495,RS
207926,GK
253102,CAM
200155,LCM
245062,RB
243733,RCM
190919,RF
207722,RF
196873,LCM
156483,GK
219823,ST
209528,RCB
208440,LCB
173531,GK
240133,LS
241115,CAM
245761,LCM
164470,CDM
243801,CDM
238642,RCB
258474,LS
223618,CAM
206272,GK
208822,CAM
247507,RW
210241,LCB
182228,LB
186200,LM
23823,RCB
164468,RCB
240826,LCM
229163,RCM
230228,LCB
206031,ST
254638,RB
225847,RCM
168621,RDM
200395,LCB
255232,RCB
214040,LB
215048,GK
236551,CB
239482,LM
247325,LM
212167,LM
186148,GK
183287,CM
213097,CDM
242393,LCM
234490,RCM
232540,LM
193001,LM
216453,RB
224322,GK
244717,LB
176384,GK
204853,ST
167925,RCB
230621,GK
244176,LS
180714,GK
216530,LS
247881,RB
234905,RS
203092,LS
257162,RM
209449,LW
235004,LCB
210502,GK
221705,RM
230271,LM
230408,LM
242682,RM
238963,CB
232252,LCB
233512,LCB
262119,RCB
231872,RCB
238363,RB
238988,LB
215758,RWB
237809,RM
189682,LCB
204688,RCM
222472,LCB
216184,LS
200223,RCM
251373,RCM
235124,GK
251002,RW
261466,GK
240489,GK
182862,LB
259908,RB
198839,RB
163489,GK
220901,GK
190907,RCM
217036,LB
188400,GK
194958,CM
241522,ST
224013,RWB
262825,LDM
233372,LM
200200,LCB
237214,RCB
214132,RM
233841,RCB
261176,RS
228238,LCB
241474,RS
200806,RDM
188268,RM
212253,LCB
211927,RCM
245992,CDM
231461,RCM
214111,RB
158167,CB
214957,ST
236817,RCM
257731,RCM
234791,LCB
259995,RM
229574,RB
262790,RB
210434,RB
210987,CM
167812,RCB
251651,RS
172962,RM
202043,ST
188377,RB
248854,CDM
233647,LCB
198614,LCB
225692,RB
230227,RCB
223573,GK
235913,CAM
248295,LCB
190489,RM
175316,LB
183347,GK
243388,LM
222493,RCB
247949,RB
204320,LF
232870,RCB
183546,CM
237223,RM
258420,GK
186935,LDM
251359,LS
262442,RB
240347,RW
235353,RM
253774,LM
244193,LW
201940,GK
263380,LM
251854,LCM
214948,LCB
216072,RB
247534,CAM
202881,RDM
226431,RCM
231878,GK
201093,RCM
207513,LCM
259802,RM
227511,RCM
259453,RB
255803,RB
226747,LM
181725,LDM
208968,GK
251176,CAM
220019,RM
217813,GK
242494,ST
222399,LDM
186153,GK
231227,LDM
259833,RM
244374,RCM
156221,RCB
244778,RW
222993,ST
236677,LCB
230427,RM
251806,LCM
231688,CB
225087,RB
208752,RCB
248861,LB
254204,LB
198519,LB
231077,LB
204536,GK
210304,LB
199823,LCM
223734,RCB
187072,CAM
260136,RCB
229558,RCB
236803,RM
200968,LCB
233329,LCB
243000,LB
242112,RM
234319,CDM
231866,CDM
200633,LCB
206144,ST
207499,ST
216433,LW
209372,RCM
246147,RM
236712,LCB
238507,RB
212013,RCM
223510,ST
260325,LS
227508,RCM
201978,ST
252472,LCB
258692,RM
230339,LB
230830,ST
227796,LW
227632,RB
198455,RB
232576,RCM
235022,LCM
232709,LM
197445,LB
203331,RW
199960,LCM
248774,LCM
210625,RB
174381,RCM
222654,ST
234857,LB
202061,LCM
224418,LCM
221430,ST
244308,LB
229104,RCM
257725,RWB
229692,GK
253951,RCB
230385,LS
163757,LCB
206493,LCB
236505,RB
216187,CB
195363,RCB
219584,GK
241920,LCB
189391,LCB
262971,CB
230375,RCB
176472,CB
239672,RCM
231591,LB
163301,GK
236355,RCB
230256,LB
230027,RDM
204277,RCM
219594,CM
207928,RCM
231104,LCB
254055,LB
232873,LCB
231524,LM
239127,LB
230386,CB
203175,GK
242571,LM
231615,RB
247060,RDM
207904,RF
192722,RM
261975,RWB
190620,LCB
194319,RS
262644,LM
219950,CB
243123,RW
241850,ST
224761,GK
225342,GK
223866,RCM
202698,CM
187858,CAM
198474,RCB
244108,RCM
241651,LS
235658,LCB
217649,GK
247086,RS
258902,RCB
216939,GK
255351,LDM
215052,LB
234829,LDM
167959,GK
155355,CAM
208621,RM
196353,LWB
162835,GK
235511,LB
253568,ST
190139,LM
248871,RCM
258988,RS
212607,RCB
229260,LM
225708,RCM
214594,LDM
243854,LCB
253847,GK
259989,RB
225878,CAM
189615,LB
208128,LCM
258426,RCB
193408,ST
251684,RCB
225200,RM
180930,RS
263191,LCB
207725,RCB
234835,RCB
162220,GK
203161,RCB
202088,RM
191657,RM
193097,LCB
241025,RS
215684,LWB
215108,RB
180818,LS
261233,RWB
254172,LCB
211009,RCB
246550,RCM
204196,LCB
248564,RW
252015,RCB
229703,RCB
240053,LCM
255928,CAM
190247,RB
229255,GK
211581,LCB
223689,ST
260204,RB
213367,LCM
256725,CAM
240481,LDM
234468,CAM
221120,CAM
189278,CDM
223981,LWB
241486,RCB
235805,LM
200475,LCB
211559,CM
238880,RCB
222328,LCB
219553,LM
252086,RB
230507,ST
258390,GK
251599,CAM
220383,GK
204666,CAM
239475,LDM
243045,LCB
199412,RM
155887,RDM
204344,RM
233800,LB
190557,RB
252308,LCM
230274,LCM
225189,RCM
245237,CM
232185,RWB
240008,RCB
211141,LCB
211096,RCB
253272,GK
237988,RB
209701,CDM
224859,RM
208474,LDM
200469,LCM
215383,LB
264348,LM
189690,GK
202617,GK
226628,LCB
200820,LWB
236287,ST
262510,CDM
204936,CB
212439,CB
241872,RCB
263434,LCB
220697,CAM
235166,LM
231733,RCM
224508,RS
228033,RCM
230316,LCB
212990,RCM
233556,RW
251052,RM
244054,RCM
230348,LB
253109,LDM
254897,RCB
213746,LW
259853,LDM
211707,RB
237131,LWB
228685,RS
238839,LCM
220355,ST
207956,LCM
220509,RB
171828,ST
219694,RCB
198658,RCM
244041,ST
179636,RWB
260617,LCB
220663,RB
257283,CDM
209359,RCM
200742,LCB
234515,LB
194171,CAM
205005,LCM
237937,RB
199667,LCB
237490,LCM
220584,GK
245170,LDM
197981,LS
230481,CAM
236010,LW
237525,GK
262730,RCM
188844,LCB
245850,RDM
245855,RM
184826,LCM
204731,LB
209440,LM
222274,GK
262681,RDM
213331,LCB
251057,GK
173221,RM
235755,LCB
184432,RWB
252053,RCB
247025,LW
233140,RCM
216033,GK
244435,LDM
208250,RCM
209378,LB
223572,LCB
263839,CDM
207472,RB
224424,LCM
217061,LS
204412,LCM
230767,LCM
232081,RB
230216,RB
235703,LCM
193728,LW
186139,LDM
260139,RS
232498,RM
204838,ST
221486,LCB
245065,LB
208122,LWB
215455,ST
215965,ST
243669,LW
214572,RB
244724,RW
221857,RM
231089,CDM
195479,RB
232374,LB
213839,ST
209846,LB
218633,ST
234173,RDM
262621,GK
229910,CAM
205049,RCB
236703,LB
240946,LS
232527,LCB
232665,RDM
229756,LCB
234078,RCM
228834,RWB
260812,LCB
201122,RCB
239307,LM
194003,CB
191827,GK
192596,RCB
212338,RDM
225685,RB
230413,LCB
172522,RCM
248178,RM
263258,ST
260304,LM
257862,GK
195126,ST
210761,CAM
204850,CAM
245164,GK
224869,RCB
248264,RB
245539,RS
207627,LCB
247913,RB
244277,LCB
208944,LCB
227232,RS
262674,RF
262513,ST
190467,RCM
234903,GK
201862,LCB
244727,ST
253313,LW
247802,RB
190885,RB
254583,LB
252523,RW
224962,RM
208330,RW
216451,LDM
215270,CAM
263452,LDM
169181,GK
183025,RS
262443,CDM
263233,RWB
215301,RCB
244181,LB
227377,CB
228813,RCM
186158,CB
262424,GK
240334,LCB
241176,RCM
212456,LM
234730,RB
219448,RB
233369,LB
257839,RW
246802,RCM
204637,RM
190178,RCB
145996,RCM
241507,LCB
198426,RDM
243721,ST
211844,LWB
212023,LS
213849,LCB
190572,LCB
241577,RWB
221633,RWB
208418,LM
243595,RB
190058,ST
224395,LDM
208507,GK
227477,GK
209331,RW
236650,RS
261504,RB
168542,CAM
203060,RCM
214660,LB
258464,LCB
221774,LS
189544,LCB
225543,GK
246145,LM
229664,CAM
226129,CDM
254817,LCM
259929,LW
241629,LB
263192,ST
256080,RB
239377,LM
240709,RM
257877,RS
163619,LM
201035,GK
208268,RDM
189059,RCM
164853,GK
253349,LS
223771,RS
246727,LM
245253,RCM
176266,CDM
189730,CAM
261143,CDM
236859,RCM
201519,LDM
221284,RCB
164459,RCM
247022,GK
222329,RM
223284,LCB
20775,RW
226583,LCB
238375,LWB
251774,RB
245388,RCB
201268,LW
261456,LCM
232461,LCB
224146,RF
262380,LB
251613,RB
180255,RM
173752,LB
223139,RB
263594,RS
243716,RM
246321,LM
243241,LCB
237332,RS
238490,CAM
251149,CB
203979,RDM
224309,RCM
236007,RS
256630,CAM
229154,ST
240498,RCM
231500,LWB
108061,LCB
209061,RS
248289,LM
239762,LM
230354,RB
223134,RB
201136,RB
209304,RW
225406,GK
235684,RCB
229862,RDM
192678,ST
234877,GK
238508,RCB
236583,GK
252534,ST
239740,RM
251136,GK
237419,GK
228639,ST
244798,RCB
229890,RB
231652,ST
177683,GK
231102,RS
191726,RCB
243519,LM
236681,RB
206553,LCB
232922,LF
193913,GK
228829,LCB
251116,LCB
202526,ST
238940,RCB
200408,LCB
259928,RB
177273,RCB
202017,LM
261016,LB
232571,RCB
186541,CB
213536,GK
203590,LCB
258942,LW
247266,CB
238177,LDM
246396,RCM
225024,RCB
173030,CAM
225077,RCM
191528,GK
239613,LF
232441,GK
252897,RB
232437,LB
223879,ST
259696,RB
223633,LB
228153,CAM
213446,RB
224179,ST
240865,LW
233795,LW
219525,RW
224487,LS
193173,LDM
189725,LCM
247336,LCM
224874,LW
223731,ST
240786,LB
247062,RB
192563,GK
226579,LM
228290,CB
187701,RB
261687,GK
220306,RS
209315,LWB
168965,GK
214761,GK
235456,RCM
251672,LWB
197774,LM
243852,RCM
172928,LDM
238743,ST
214986,RCB
226093,RS
223816,ST
230205,RM
213702,LCM
230336,LDM
209610,LCM
231335,LCB
182945,LM
208722,LW
256692,LDM
229501,GK
215064,ST
224870,LS
239686,LM
153048,CAM
219951,RCM
210243,RB
228410,GK
205295,RM
224019,LDM
226542,GK
204614,LB
205585,RCM
163156,LCB
242332,CM
202978,CB
237355,RS
167919,LWB
188545,ST
254902,LCM
237188,GK
237257,CAM
192774,RCB
248052,LB
201377,LCB
237185,LCM
226637,LB
173654,LW
214730,GK
203615,RDM
163761,LCB
231685,RB
232253,RM
221306,RM
193564,ST
242335,LB
233791,GK
197604,LW
206485,CB
215135,RCB
216283,LB
173891,LM
230358,RM
205188,RS
220815,LS
203747,RB
191390,LB
248307,CAM
202107,RDM
232636,LB
228188,RCB
185068,RW
216381,RM
228151,RDM
246169,RCM
215049,LB
236072,LM
193027,LF
236699,LCM
199170,CAM
231510,CB
214319,RCB
213573,GK
241200,LM
221994,LM
242913,CM
252066,LW
219865,LCM
259905,LW
236742,LM
223186,RCM
244006,LCB
190581,CAM
199537,LCB
254309,RWB
240262,RCM
228946,LDM
193185,LWB
252931,RM
223402,LB
183254,RCB
203439,RM
260417,RCB
232648,LB
264069,RCB
185239,LCB
214038,LCB
215292,ST
226495,LS
246548,LCM
157481,RCB
230180,GK
162471,RS
260646,LS
262956,GK
146111,LCM
220386,RB
207460,LM
146536,RB
172862,LCB
203483,CAM
226859,RCM
238716,RS
247793,CDM
183277,LW
222306,LB
258846,LS
178614,RCB
212035,LM
261696,LM
248183,LS
177604,LB
235033,RS
188917,LB
254711,LCM
234383,GK
181558,RM
245743,LCB
260442,RCM
238692,RDM
193314,GK
192363,RCB
231105,GK
252436,LCM
189148,LM
201024,LCB
206545,RCM
259292,RCB
182859,LCM
226807,RCM
253879,RB
210901,ST
148696,RB
183895,LM
232585,LS
228191,RCB
254814,LDM
232477,RB
240091,GK
204493,CAM
201953,LM
253012,GK
224337,LB
216036,LCB
238767,CAM
248035,RM
164858,RCM
220605,LM
200714,ST
176630,GK
219449,LCM
237556,RCB
244788,RCM
210386,LM
212608,LB
240583,RDM
206436,CAM
184716,CM
184471,LCM
210007,RCB
199627,RCM
254229,RM
199384,RB
225478,RM
199803,GK
259579,ST
214313,RW
193716,CB
241979,LB
236368,LCM
210439,LS
244533,LF
224836,GK
186680,GK
222930,LCB
242287,LB
212523,CAM
211513,LM
205895,LDM
226650,RCB
229728,ST
248781,RCB
257893,RM
233216,LS
184881,RM
238305,RB
213512,LB
206511,LDM
251436,RCM
232884,RM
222163,RF
218054,LM
241907,LF
217088,LS
231352,ST
230215,LCB
239627,ST
225245,ST
208862,CB
230281,LCM
257636,LCB
255177,LCM
235029,ST
244703,RDM
242560,RCB
256688,RCM
257631,LB
179811,RM
183711,RCM
211908,GK
232520,RW
222475,RCM
239028,LM
208581,LM
225995,RB
227767,LCB
205069,LB
236464,LS
210035,LWB
240673,RM
212120,LCB
219755,CM
244398,LB
205961,CDM
242271,LCM
243792,LM
230529,RB
228232,GK
198322,LDM
212805,RCM
257727,RB
260309,GK
201083,RM
238056,CM
181013,RCM
199576,LCM
254822,RCB
189946,RCB
235297,RCM
179663,LB
248325,GK
213368,RB
212511,RB
246444,RDM
222430,RB
232697,RB
201895,RM
211706,RDM
231318,LB
210798,ST
208592,LDM
243481,RB
198141,RCB
232759,LWB
264481,ST
230801,LCM
207496,ST
205943,LCB
232541,LM
229158,CM
216376,LCM
257886,RM
224368,LW
260591,LB
189468,RM
221801,RCM
215211,LCB
199440,LCB
236499,CDM
247856,RB
231910,LS
229991,CAM
202215,GK
231070,LB
228708,LCB
243949,RB
184747,ST
199833,GK
217620,RCB
202808,CM
211048,RM
211267,CAM
230252,RDM
178007,LCM
204017,LB
177766,LB
203138,LCM
220710,RM
254594,LB
239970,LM
261766,LM
201955,LWB
198908,CDM
190761,RDM
230384,LS
236508,LDM
190560,RCB
242209,RCM
248539,LDM
247205,GK
262021,CB
188337,RCM
262592,ST
242384,LS
230322,LCB
203795,LCB
256952,RWB
176841,LS
202162,CB
208764,GK
191043,LB
233164,GK
225564,LDM
208451,LM
261695,RM
228687,RS
200807,RB
229469,LM
247668,LM
236466,RB
201971,RW
235688,RCB
250797,GK
225169,RM
209644,GK
184134,CDM
208165,LCB
245574,RCB
252244,ST
235002,RCB
238357,RDM
251586,RB
212382,ST
262363,RCM
198150,ST
202811,GK
217332,LCB
261140,RB
232293,ST
257288,GK
193358,LCM
212218,LCB
227603,LWB
241828,RCB
225084,LB
246398,GK
245785,LCB
242117,LM
240278,LCB
237239,LM
238856,CDM
238303,LM
215410,RCB
254131,LM
229658,RW
206263,ST
195396,CAM
167532,LB
225279,RCM
240640,RCB
215228,RCB
230209,RCB
205447,RM
227536,RS
241671,GK
232192,LCM
236627,LCM
238857,LB
239350,LS
204922,GK
263944,RDM
215107,RM
20801,ST
205584,RCB
235944,RM
248021,LCB
200519,RCB
258775,RCM
202974,RCB
223853,RDM
219522,GK
212938,RCB
225014,LCM
245270,LCB
244863,RM
257640,GK
188601,RB
217093,LCM
203308,LCM
252742,ST
244979,LWB
251412,ST
240753,LS
239807,RDM
152729,LCB
254427,RB
226429,RM
214988,RCM
230453,RDM
219759,RM
262673,LF
253276,LCB
240328,LB
257784,LCM
219591,RCB
173426,GK
215886,RDM
247185,LDM
223880,LCB
190633,RCB
236774,LB
230373,CAM
236599,CAM
247626,GK
224411,LS
252321,LB
219932,RF
199354,LS
171970,LCM
212366,LCM
184575,LS
213612,RM
232919,LCM
214026,LM
247177,CAM
230697,CM
229896,RB
243282,LM
192114,RCB
215604,RB
198740,LWB
192930,ST
255487,RCM
182761,GK
222691,LWB
216547,RM
214727,ST
225203,GK
180337,GK
234260,GK
198219,LW
158800,LCB
198951,LS
236747,CAM
218887,CDM
183581,RDM
239136,LB
212772,RCB
258098,RCB
237502,LW
228093,LM
239119,LCM
229416,LB
243925,GK
207887,LDM
253220,RWB
242406,ST
233510,RM
203002,RCB
250911,RW
238969,GK
193631,CDM
229209,LM
236787,LB
199146,LWB
243574,RWB
118646,ST
219967,GK
220491,ST
252098,LDM
214650,LCB
210422,GK
178518,CM
242623,RCB
254173,RB
241670,CDM
229749,LCB
224020,ST
210697,CM
246836,RCB
226509,LCM
193244,GK
244995,LCB
244309,RCM
191157,LCB
222390,RDM
176550,GK
242482,RB
203542,RWB
204638,RCB
231028,GK
180174,LB
197225,LF
189885,RM
230369,CDM
235947,LW
205291,RCM
221354,RCB
262635,RCM
238504,CAM
237198,LW
187754,RM
182867,RCB
223595,RM
256421,LW
242512,LCB
222916,RW
259128,LB
212602,RCB
201966,ST
258085,GK
238846,LW
176600,RS
219467,RWB
222396,RCM
243631,RDM
238563,RB
226851,RB
171897,LDM
229175,LB
222514,GK
222600,GK
187033,RCB
209981,GK
223905,RWB
190868,LCB
143025,LB
237005,RCM
185144,ST
211363,RCB
248105,LCB
247354,LM
237397,RCB
263158,LF
244827,GK
239724,RCB
215103,LW
230436,ST
208295,LCB
257188,LB
211622,RCB
205427,ST
179698,LB
199491,LB
238360,RW
263549,RCB
196883,LB
212269,CB
203299,RM
190084,LCM
236721,RCM
210691,LWB
220737,RS
261040,LCB
200577,RB
232718,CDM
223501,LM
226924,RCM
243177,CDM
239393,RW
238479,CB
214194,LM
241075,RW
260802,RB
241004,LCM
254282,LCB
230291,RW
251236,RW
214343,LDM
246564,LCB
211556,RCB
227682,CAM
237160,RCB
242578,LCB
231530,LM
256149,RDM
261491,RCB
263029,RCB
256459,LCB
251196,LCM
185171,LDM
201315,LCB
244867,GK
239090,RCB
256370,LF
230921,LCM
223686,GK
259456,CAM
213557,LCM
221310,RM
232597,LM
260593,RDM
176930,LDM
196147,RS
245528,RS
261871,CAM
238216,LCM
234378,LDM
237749,LM
199848,LDM
192448,GK
245293,LDM
210000,RCM
198817,RF
222405,LDM
185256,RWB
237927,GK
157304,LCB
186977,LCB
205081,ST
238319,RCB
238058,CAM
261066,LCM
230444,RS
259762,LB
244140,CAM
225146,RCM
181271,CAM
231912,CB
227602,RCM
255798,LCB
197240,LS
259975,RW
224301,ST
255374,CDM
237926,LCB
254212,RB
204184,RB
230349,LDM
233424,RS
252541,LDM
230168,GK
236292,RCB
251303,LCM
203030,CB
200438,RM
250916,GK
212481,LDM
244915,LCB
215139,RCB
230423,LCM
252864,RM
232203,LB
240653,LCM
230278,RM
238210,RW
258885,GK
189143,RCM
227900,CB
203145,LCB
203004,GK
190772,LCB
229889,RW
213337,CM
230204,GK
230971,GK
171877,LCM
226654,LM
243867,LCB
245481,RB
255365,RM
244201,LS
254310,RCB
222420,RCM
220165,ST
232377,RM
184845,LS
229927,CM
225386,RCB
199852,ST
230440,ST
247278,LB
211561,ST
187735,CAM
200588,LCB
253828,RM
227803,RM
136686,GK
232538,LM
252802,RM
262534,CB
244390,LS
230988,LDM
202335,LCB
233409,RB
139860,LCB
211381,LS
197376,RCM
229379,LDM
177571,LCB
252219,LF
192439,RCM
258698,LCM
229080,RB
214302,RCM
261299,CAM
229161,LB
238643,LW
255851,RCB
256799,LW
239950,LDM
243945,CB
199890,RM
260967,GK
224544,LB
251356,LM
230313,RCB
202986,RDM
236487,LW
204097,LM
255703,LCM
203398,LCB
257722,LWB
260329,RS
253122,LB
194846,LB
198200,LCM
251681,RCB
25798,RS
217231,GK
255533,RCM
262639,CB
247369,CDM
241590,LCB
231233,CM
192984,GK
228729,RCB
248702,RCM
215563,RB
232755,LB
207624,LCB
229631,LM
213815,LS
213893,LCB
220739,LM
262450,LCM
180206,RCM
203069,RDM
201484,CAM
230437,CDM
255194,RDM
227866,ST
183377,RCB
227591,LW
235989,LS
209264,RW
257228,LB
228058,RCB
208437,LCM
230350,LB
210437,CAM
262817,RB
230272,RM
230802,LM
209504,RS
241071,RCM
244789,LCM
244380,LB
222798,LM
241958,RM
212778,LCB
214766,RCB
233214,ST
149791,CAM
207836,LM
254776,RCB
201343,RCB
165526,RCB
234508,RCB
195313,RCB
217007,LM
254281,ST
203034,GK
195262,ST
190547,RCB
183527,LCM
236288,LCM
248110,LCM
254448,LS
225317,ST
255137,LCM
212776,RCB
217730,RB
250918,LW
225368,LS
202024,LCM
261208,LCM
215995,RDM
203177,RB
181205,LWB
239586,RCB
221467,RCM
232593,ST
221695,RCM
244238,LCB
258598,LB
222165,RM
211107,RCB
215540,RW
246183,RB
230189,LB
221174,LM
255505,LWB
222987,LCM
247970,RB
233524,RM
223764,LB
193206,CAM
242967,LW
215202,LW
263030,CAM
264153,CB
166841,RWB
192641,LCB
213948,RCM
254228,RCB
224638,LB
213889,LWB
228881,RB
189454,CAM
198164,CAM
194201,CB
242330,RS
213471,LCM
184035,LB
204786,RB
262299,LCB
250917,RB
206073,RCB
211221,RM
201869,LCM
242573,LW
193338,LS
206518,ST
261618,ST
198517,RCB
208509,RWB
243168,LWB
228271,LCM
215018,LCM
212940,ST
213063,LCB
199792,CAM
217585,LB
215871,RW
232487,LCM
205659,GK
208052,RB
232671,LW
224821,RCB
153060,LCB
229303,RWB
199393,LCB
223823,GK
209329,LCB
213868,RCB
201265,ST
225646,RB
224258,RCB
168317,ST
209063,LCB
208054,LS
219585,RCB
260091,CDM
261951,ST
226295,RM
189492,LDM
230847,RW
250868,CM
241924,RCB
226877,RM
224221,RCB
226285,GK
233169,RB
233178,LW
184606,LCM
260214,RDM
192125,RCB
253928,ST
242633,RCM
244020,GK
205705,LCB
202220,RS
263946,RM
206521,RS
198153,RDM
256753,CDM
220925,LCM
245097,RCM
259818,LB
224017,CDM
210832,GK
232997,LCB
251852,LS
241891,RCB
222583,RB
260968,LCM
204276,RS
251086,RB
260740,CB
205401,LM
235322,LB
234291,RCB
251377,RCM
201114,RM
220932,GK
197655,CB
256941,LCB
215601,RW
246920,RM
211784,RS
186351,RDM
224088,RCM
238944,RCM
219625,LCB
221955,ST
199735,LDM
212065,RWB
260183,LCM
188154,LCM
212755,LDM
230302,RS
223248,ST
229368,GK
251880,LW
197382,RM
205119,LCM
169708,LCB
262925,CM
245017,CDM
162900,LCM
237075,LS
188278,GK
247509,RDM
200168,RCB
233125,LCM
199231,RB
238657,ST
244233,RS
231390,RWB
225106,CB
220940,LCM
177644,GK
259101,RB
173836,RW
242088,RCM
221538,RCB
198538,CB
204963,RB
215119,RCM
213933,RCB
244523,LB
193272,GK
232646,LB
258804,LCB
251449,GK
173909,CDM
240690,LW
253581,CAM
248298,LM
244306,RCB
199121,RB
253476,RDM
186452,CAM
263075,RWB
245622,RS
228505,GK
220651,LB
221540,CB
257536,ST
212374,LCM
252903,CAM
252240,LCM
209413,CB
234365,RDM
173703,CB
213693,LCM
241727,GK
161754,RCB
238683,LM
209782,RS
253796,RCB
223344,LS
233299,RF
254416,RS
245055,LCM
250878,RWB
228092,RCM
237442,RCB
193247,GK
244401,RCB
192989,RCM
250765,CDM
247411,GK
255192,RCB
261422,LCB
223744,LCM
225955,LS
164505,GK
256741,RCM
182209,LCB
172879,RCB
215332,CAM
242383,LCB
251847,LWB
258781,RCB
220395,LM
225783,ST
218868,RM
209333,GK
188916,RCB
240665,RCB
212282,LB
250807,ST
214114,LB
213864,CB
204153,CDM
219605,LB
223307,LCM
200145,CDM
232286,RB
209253,RWB
194765,LS
224520,LF
224756,RCM
193549,CB
248872,RCM
246696,RCB
258040,LCM
193091,CB
234883,LCM
244870,RWB
225629,RCM
166539,RM
233785,RCB
200110,GK
256164,ST
248729,RW
244179,LS
220477,LCB
218981,RM
224510,LF
200473,ST
192119,GK
217157,LCM
253136,LCB
227997,ST
222457,CAM
243007,RM
263886,RCB
255420,ST
259859,RWB
184200,ST
223671,RCB
167933,RCM
235987,RCM
246547,RCB
228091,RCB
219496,LS
199236,LB
252547,LB
200429,RS
242154,LCM
247032,LWB
176526,GK
236401,RB
202371,RB
262360,LB
201982,RB
205288,GK
240471,LDM
229880,RB
229259,RCB
224307,RWB
226540,RM
212831,GK
232007,GK
247093,LCM
232376,RDM
208480,CM
146439,ST
178562,CAM
263270,LCM
199550,LCB
261245,RDM
213629,CM
214937,LCB
220140,RCB
229595,LCM
251776,LB
176919,GK
221885,RCM
214973,LW
247017,LB
216054,LCB
228744,LDM
215823,LCB
230366,RB
257723,RCB
246057,LDM
247148,LCB
233158,LCB
242374,LW
215160,LB
205377,GK
209499,CDM
245740,ST
217805,GK
230186,LB
262412,LCM
260332,LCM
218343,RM
210722,ST
244661,RWB
162512,LCB
243355,LM
230977,LCM
212197,GK
206606,ST
202101,LW
241637,LCM
193860,RM
223898,GK
225859,LCB
224218,LS
254872,LDM
224009,RB
259683,LCB
245332,RCM
225204,RCM
232519,RW
211999,CM
224537,RCB
223650,LM
235375,GK
225338,LM
239580,CB
204935,GK
248109,LW
233994,LCB
167948,GK
233290,RM
205834,LM
185195,ST
213483,GK
213302,RM
255049,LW
191648,RCB
251243,LF
234107,CDM
155671,RDM
239735,RWB
201144,CDM
189234,RF
223962,RDM
262504,RB
251944,GK
193337,LCM
248025,GK
210964,LCB
230198,RB
229879,LCB
260256,RCM
142721,GK
259835,RB
176442,LB
261286,RM
1179,GK
253596,RCB
227150,RCM
230846,LM
254003,LCB
205857,RCB
206286,LB
253149,RB
230497,ST
252073,LM
248880,LB
239019,GK
242019,LS
227630,LW
198355,GK
238037,LCB
233084,RM
204979,LB
201095,GK
223581,RDM
196151,LCM
183453,LCB
179696,LCB
207459,LCM
246562,RW
230356,RWB
191076,RM
224095,RB
251155,RM
197480,ST
194015,LCB
242759,RCB
235728,RCB
173450,LB
238236,LM
186648,RCB
179578,LCB
210263,LM
235263,RCB
234731,LCB
237043,LW
179537,CM
252254,LB
176635,RF
189237,LM
226162,RW
253704,RB
241206,GK
235290,RCB
248092,RCB
207897,LB
213570,RB
239380,RW
240257,RB
208455,CDM
262236,RDM
192241,RB
231301,CM
232748,LB
201991,LDM
198368,LDM
248858,GK
255990,LDM
218747,LCM
232704,CB
243015,CDM
234943,LDM
253002,ST
257699,RW
243477,ST
243640,LDM
259787,LWB
255313,CAM
210206,LB
247173,RCB
255908,LCB
199000,RCB
247696,LDM
211717,RB
213937,RM
244076,CAM
199508,RCB
254741,RCB
199244,LCB
204024,RDM
248470,LCB
244912,GK
169596,RCB
241946,RCM
183819,RB
190034,LB
193474,CM
206535,RDM
241824,LCB
231472,RCB
255000,RS
230429,LDM
184190,LCB
207646,RCB
234195,LB
110606,GK
248860,GK
210935,RM
251325,RB
209852,LCB
163050,RS
250953,LB
235424,LDM
163616,GK
178603,LCB
231826,RM
255992,RB
227547,LW
252139,RCM
261147,LM
188305,ST
200962,RCM
221629,RW
194907,LB
234207,LB
192616,CAM
192622,CB
205452,LCB
246186,ST
205083,LCM
229694,RW
203487,CB
215062,ST
205382,LM
228644,CDM
233375,LB
209975,LCM
234740,RB
202517,ST
183714,RS
254225,LW
237095,RB
215069,GK
183829,RB
214692,LCM
237819,RDM
228887,CB
240439,RCB
252495,LM
253293,RM
212121,RCB
198904,RCB
237250,GK
204542,LCM
247045,RW
200840,LCB
232668,CB
184183,CB
221969,LM
248106,LB
225931,CAM
41,CAM
177633,ST
253064,LDM
214326,RCB
242533,RCB
259521,CDM
173434,RM
234072,RB
182076,GK
241933,RCM
239880,LM
201303,LDM
199482,GK
250842,GK
238286,RB
255773,ST
228668,ST
247144,RW
245691,RM
175932,LCB
239641,CDM
144429,LB
239611,LS
192559,RCB
186190,LB
201891,RS
219486,LWB
257480,GK
207768,ST
222838,RB
222467,RF
233876,LM
251336,LCB
234999,GK
222200,RCB
216266,RB
233068,LCB
237040,CB
189908,GK
260546,RCB
223073,LS
251486,RCM
234640,RW
228171,RM
244017,GK
53914,RCB
223599,CAM
240067,LM
250779,RCB
190962,LCB
221423,ST
239645,RCB
183774,CB
231235,RM
247678,RB
255838,LCB
239617,RDM
205533,LCB
177003,RCM
221852,LCB
211990,GK
230320,GK
262343,LB
235606,GK
262766,CB
256384,RCB
259850,LWB
234341,GK
207732,RS
213332,LCB
243606,LM
247378,RF
248010,RCM
194669,CAM
210303,LCM
212261,RS
229851,LCB
196432,RDM
255036,RS
219979,RCM
206467,ST
213439,RM
179789,RCB
237132,CAM
253712,LCM
251498,GK
228464,LCB
192102,LB
213613,CAM
254071,LS
208782,GK
215716,ST
215076,RCM
206430,ST
224187,RW
237452,RF
243702,RB
205278,RWB
260050,RM
211783,RS
204612,CM
220746,RW
217606,LM
230938,LDM
255469,LM
262367,RB
207935,GK
223902,CM
162407,LCB
241591,RM
201681,CAM
243398,RB
242638,RM
194791,RM
248740,CAM
178224,ST
176733,LS
226216,RDM
233043,CDM
148119,GK
253265,CAM
253036,RW
257471,LB
199101,GK
258128,RM
198213,ST
255293,LDM
229816,LS
236686,LW
215522,GK
240964,CDM
241821,ST
241458,LB
224242,LCB
194785,RCB
243749,RM
203741,LWB
227573,ST
208856,LB
233670,LCB
202605,RCB
205594,LDM
237712,ST
209062,ST
258550,RCM
237642,LB
224616,LS
190033,RCB
232580,LCB
230079,ST
224367,RCB
224796,RDM
253509,LCM
240891,RDM
256136,LM
234914,CDM
259881,LB
242629,LB
183574,LS
208159,ST
215533,GK
235812,LS
241985,CAM
244110,RS
241963,RCM
177326,LW
231550,RB
233975,GK
221909,GK
211315,RCB
213899,CDM
253473,CM
144050,ST
240886,RCB
155976,LCM
246688,RB
237745,CB
246423,RW
232581,CB
253672,GK
178571,GK
216154,CB
201163,RCB
182362,LB
241745,LCB
261659,LCM
192505,ST
230280,LCB
187084,ST
237758,LWB
219637,GK
222204,LM
238346,LWB
231821,RCB
242195,LCB
222978,LDM
193152,GK
230631,GK
226793,LDM
262880,RCM
227570,GK
230638,RM
172619,LS
224057,RCM
242386,RCB
187702,LW
190765,RCM
212095,LCB
247414,RM
200855,RWB
228711,RS
236530,LCM
201887,CAM
215129,LCM
189125,RCM
214386,RCM
246739,RDM
210930,CAM
214658,RDM
247027,RB
198348,LCM
199572,LCM
261486,ST
198261,LCB
236506,LCB
225785,LS
231678,RCB
19541,GK
238629,RB
227601,LB
237874,LM
200209,GK
253325,RM
199159,RDM
205391,RCM
189157,LM
205953,LCM
238049,RM
253569,RM
246954,CAM
177390,RDM
244787,RB
207502,LB
241049,RB
208989,LS
238464,ST
173857,GK
262811,RCB
245543,RS
217714,RW
250805,RB
230486,CAM
204737,LW
261082,RCM
209698,CDM
255940,RCM
232770,RCM
208448,CAM
194845,ST
233366,RB
208224,CAM
241941,RCB
253612,CM
234167,RCB
236283,RW
233315,RCM
222477,LDM
259769,GK
220635,LCM
241728,LCB
256331,LB
182212,RS
234641,LB
232926,ST
208030,CDM
258243,RWB
135190,CAM
254691,RCM
235243,LCB
252047,RB
243004,RCB
207877,LS
243041,LM
199206,LCB
213064,LCB
259087,LCB
173306,LM
199781,RB
223843,GK
225557,RB
242448,ST
220534,LCB
253274,CAM
255111,LCM
242267,CDM
216605,RB
215132,GK
200319,LB
241848,RCB
256769,LB
214877,RCM
232119,RCB
229354,LCM
204380,GK
216352,CDM
222624,RB
200159,GK
252527,RCB
207653,LS
206142,LCM
210941,GK
179516,ST
258361,RCB
255573,RCB
261482,RM
244212,RDM
231936,RCB
237331,LB
242424,RCM
199915,LCB
189482,LB
232991,RDM
262311,RB
219551,RCB
212623,LS
223097,LCM
260737,LCB
215686,CDM
165110,CB
189924,RCB
198653,GK
157703,RCB
262704,LCB
222982,CM
221990,LCB
192663,RS
229034,CAM
223064,LCB
235496,RCM
204691,CAM
232860,RM
246728,ST
195671,RS
248808,LB
222889,RCB
227921,LCB
242648,RM
202492,RCB
202849,LCB
229179,RW
201967,LW
209547,LCB
227520,RCB
255273,CB
236657,LCM
256998,ST
214009,RDM
224334,LB
209361,LCB
254348,LCB
191294,LDM
237594,RCB
216409,RW
229282,LS
259379,LB
239023,LCM
206243,RCM
246847,RW
233250,ST
110974,GK
213509,RCB
190593,LM
192201,GK
252275,RCB
243929,LCB
216155,RW
234587,RCM
262435,RB
251974,RDM
166847,LCM
244736,LDM
200953,LM
239015,ST
206563,CDM
240248,RWB
171975,RS
235135,RW
198909,LB
223167,LS
233090,RS
256832,CAM
226790,LDM
258782,RCB
200235,ST
240032,LM
234203,RCM
214911,LB
201043,LCM
203699,LS
245148,RW
194333,GK
261485,RDM
244254,RCB
161663,GK
253505,LM
223229,RB
242577,CAM
188955,ST
261732,RS
252813,RW
239810,LCM
240323,CAM
237532,RB
176942,RB
202873,GK
222145,LCB
229285,LDM
196853,CAM
225060,RCB
178283,GK
239271,GK
199626,LCM
237497,RWB
247019,CB
260378,LB
213013,LS
232691,RCB
242872,LWB
202259,RCB
242201,LCM
213654,LCM
214915,RCM
193080,GK
247999,LW
211899,ST
228702,RCM
260273,RM
248227,RM
193425,RDM
207918,ST
210603,LB
244521,LM
251653,LCB
163665,LCB
258027,RF
242801,LCB
259584,LM
238882,RM
258608,RM
52340,CB
230601,RW
224104,RB
262548,LM
220851,RCM
231281,RB
259828,RCB
165321,LB
251503,GK
229064,LCB
198143,LM
242453,RWB
229901,CB
198687,LB
237511,RB
232626,LWB
256167,LCM
246446,RWB
251107,CAM
192350,LM
235073,GK
228111,LM
213404,RCB
188490,LCM
238137,RB
171574,GK
233105,LCM
246070,CAM
223746,LS
179765,CAM
237714,LWB
245341,RF
262414,RW
224049,LCB
255809,ST
189701,LCB
262160,RCB
201208,LCB
230470,LM
251836,RB
237563,ST
239493,LW
223848,RCM
216349,RM
255400,RCB
225439,RCM
228980,RB
215165,RM
220048,GK
256742,GK
262685,RM
198841,RCB
202695,RCB
228007,RCM
241026,RM
175379,RM
242324,LW
225735,RS
213280,LW
242052,CAM
239394,RM
240335,RCM
247648,LCB
248300,RS
237509,LS
261452,RCB
210022,GK
251923,CAM
188414,CAM
201447,CAM
200610,RF
246005,LB
256983,LCB
228600,LB
252316,LCB
262562,LCB
212453,GK
206536,RDM
253617,LCM
193557,RS
224891,RB
246098,LCB
217096,GK
170320,RB
225663,LF
188989,RM
234112,RB
219957,LB
216981,RW
227082,CAM
250893,LDM
211618,RS
231355,LB
237708,RW
210389,LM
214369,CAM
222515,LM
198046,CDM
257185,LB
247204,RB
239893,RWB
205073,CDM
228892,RCM
230241,LB
167664,ST
225071,RCM
184282,GK
222519,LB
204876,LB
220074,LS
200696,GK
221552,CDM
193627,RS
261648,RCM
169623,LCB
210521,ST
252773,GK
228375,CDM
211110,CAM
248710,RM
209960,GK
246112,RM
247963,RCB
259941,RCM
222573,RCM
235773,RB
215148,LB
223760,GK
124375,LS
238862,RCB
242179,GK
257619,RB
209526,LWB
232452,RB
184433,ST
217565,RCB
212232,ST
192695,CB
244851,LCB
212260,LS
261637,LCM
234522,LW
230326,LCB
192250,RCB
225475,RCM
242381,CDM
224883,ST
222183,RB
208808,LM
207421,CAM
234222,RW
210736,LB
240207,LB
202201,RCB
217877,LW
225769,CDM
212212,CM
241736,RCB
207868,RB
240472,LWB
243304,GK
232711,RM
213725,RDM
202305,LCM
199761,LCB
208115,LB
236279,LCB
237140,RCM
253348,RM
238070,GK
215162,RCB
233173,LCM
242166,LW
216531,ST
234513,CB
239342,GK
247968,RB
253441,ST
247822,RM
230147,RB
2147,GK
246716,RCB
263432,LB
260498,LCB
176944,LCM
180903,RCM
255109,CAM
239446,LW
242975,RCB
241643,GK
248117,RCM
243922,LS
194759,LCB
208852,LWB
196916,RCM
257170,LCB
238091,RB
201890,RCM
238061,LCM
230184,LB
225652,ST
165560,LS
248293,RCB
238536,RW
221713,LWB
251845,LCM
245209,LDM
215177,RCM
182023,GK
164769,LS
225193,RCM
251644,LCB
228614,LM
239076,GK
241969,ST
240138,LCB
235515,LB
193277,GK
213858,RCB
262974,LCM
198749,LCM
253955,GK
190535,RDM
262397,LCM
229336,LCM
247897,RB
254513,GK
229167,LM
222557,RCB
258333,RCB
196316,GK
241135,LB
254692,LW
206601,RB
241120,LCB
224739,LM
227446,ST
255494,GK
232440,LM
239750,LCB
204447,LCB
251769,CM
242240,RDM
215412,LB
183540,CDM
262488,RS
236923,RB
244859,RCB
232360,LM
213667,RCB
212039,RB
222875,LWB
253239,LB
204354,GK
198023,RB
204485,RW
222350,RM
209169,LCB
203500,LS
212989,RCM
230306,LCB
251036,GK
199014,ST
230142,LW
233960,RCB
255353,LCM
222369,CDM
153244,RS
201847,GK
259771,LCB
186627,ST
219174,LM
227600,RWB
187818,RDM
255211,RCB
253772,CM
216823,ST
201528,LCB
221896,CAM
222773,RB
202126,ST
212478,ST
242200,GK
226592,LM
242217,LDM
227622,RCM
226616,RCB
232076,RM
192156,LB
211672,RM
138306,ST
224842,LDM
234202,RW
232311,RB
233148,LM
164484,GK
223313,RCM
212170,RB
240329,RF
222577,LM
204163,RCB
256296,LCB
171971,LCM
221841,LS
255471,CDM
231943,LM
204763,LB
165735,GK
198285,GK
213697,RCM
230906,RCM
253341,RCB
242183,LS
169619,CB
212381,RF
214250,CAM
252442,LB
198140,ST
176580,RS
198352,CB
241344,LM
161636,CM
238389,LCB
236492,RDM
226220,LM
201876,ST
203363,LCB
163705,GK
246807,LCB
211005,RCB
202048,CB
229188,ST
211862,RM
224394,RF
226004,LCB
188152,CAM
193082,RM
215195,LW
201993,ST
155885,LM
213642,RS
233141,LW
228761,ST
257337,RS
176137,LS
217845,CAM
185174,RDM
179984,LCB
176732,LCB
234790,GK
138830,LCB
204227,RS
250961,LS
257000,LCB
241765,LWB
255907,LS
198133,RW
259296,GK
239306,LB
214446,RB
236630,RM
233288,RB
259106,RM
231929,ST
233531,LM
208596,ST
243166,LB
240359,LCB
234925,LCB
191079,RCB
216520,LCM
245439,RCB
223033,RCB
248465,LWB
230363,LWB
238621,RCB
220479,LCM
124344,CB
262719,RM
255106,RCB
250939,GK
254418,RW
201455,CDM
231567,LWB
220182,LCB
235380,LCM
193608,RCM
234382,LB
158144,RDM
248080,LDM
217648,RCM
192476,LCB
216701,RCB
229646,RCB
253715,RM
230126,LM
217086,LDM
237784,LB
261503,LM
240744,RM
232406,RDM
236903,RM
190235,RCB
259423,RS
247476,LM
230347,LB
239441,RM
213855,LCB
256885,LM
225712,RW
216692,GK
218339,CDM
227810,RCM
189053,LS
211785,LB
232517,RW
225201,RM
229476,CB
158625,LCB
220665,LCB
214641,LWB
221271,LCB
235966,RCB
246085,LCB
134820,LCM
250932,RB
193421,LM
217870,RB
252454,LCB
199774,LW
241397,LWB
261427,RCB
247140,LCM
230276,RCM
228897,RB
251594,LDM
208364,RB
220128,LW
213000,RCB
245043,LM
241406,LCM
214562,LS
240912,LCB
212192,LCM
209532,GK
216299,RB
259346,RDM
234372,RCM
189115,LM
239835,CDM
230218,LCB
189899,LCB
186157,RCM
206218,GK
202910,GK
210004,RB
260918,GK
219782,RCB
243989,RDM
208574,LM
237626,LDM
253791,GK
187498,LS
240331,RCM
201353,GK
251212,LB
216267,LB
236245,RS
240209,LM
239222,LCB
251376,RB
229752,RDM
233879,LS
205988,LB
252225,RCM
228230,CDM
214414,LCM
223709,GK
258210,LCB
199386,ST
199007,GK
239679,RB
233245,RCM
209548,RCB
247091,RDM
258590,LM
222222,LCM
207707,LWB
253899,CAM
199254,LS
251072,LM
210281,LCM
231856,RB
230462,LCM
256510,LWB
186116,RCM
223426,LCB
201995,LW
257270,RWB
213991,RCM
217054,RCB
253990,GK
213516,LF
243593,LS
198617,LCM
230812,RCM
262255,LB
185221,LCM
216820,LM
240463,RCM
181371,RDM
258619,RDM
189513,LCM
257345,RB
216700,RW
215708,RCB
215496,LB
227706,LDM
247420,RB
223302,CM
188586,LCM
252567,LCM
260829,GK
240130,RCB
228205,LCB
230425,RM
232479,ST
216264,GK
238060,GK
216320,LCM
256287,ST
219860,LCB
246679,LWB
229071,LS
180352,RCM
205386,GK
221908,RM
234941,LM
236987,RDM
179551,ST
252113,RS
213414,RCB
192647,ST
219582,CB
259923,RCM
245538,LW
223982,GK
248049,RW
206147,LS
229123,LCM
209990,GK
228113,ST
207865,RCB
235781,LDM
216790,LWB
209620,LB
230225,RCB
187857,GK
192789,RB
211791,RB
262487,LCM
210374,LDM
248290,RB
174443,LB
251139,RCM
256949,RCM
178005,GK
262473,LB
223197,RS
198970,RCB
247159,LB
255441,RCB
202056,RS
225694,LCB
199010,RCB
200389,GK
222844,LDM
173608,ST
169938,ST
233301,RB
211262,GK
228684,RB
207593,LB
228261,RCB
209254,RW
224003,GK
228120,LB
216387,ST
237023,ST
241042,CDM
202350,ST
254932,LM
211302,ST
254859,LM
235572,RCB
49486,ST
253846,GK
222227,CM
176599,RW
260174,LS
215267,ST
234229,LCB
204684,ST
241157,LB
218659,LB
223756,CDM
242686,RCM
222156,RB
242863,LDM
221197,LW
232163,ST
210411,RM
223969,RCM
250855,RM
219841,RB
221767,RCM
233849,RWB
230197,RB
252165,LCM
217242,LDM
251240,RS
230510,LW
236920,LM
210315,LS
241992,LM
237283,RS
261698,LS
234671,RW
251026,LCM
255718,LM
260529,RM
205114,LM
177912,LCB
237548,LCB
200754,CDM
156433,GK
255176,LB
240020,LCB
237619,LCM
184274,RCB
251456,LCB
215698,GK
198717,RW
211826,LCB
236403,RCB
251438,LCM
189160,RS
152567,CDM
194334,LCB
216730,RCB
258146,LCB
251818,GK
228255,GK
199282,LCM
209456,ST
263562,RM
243056,LB
252858,RCM
213497,RCB
253321,LCB
242612,RW
202422,RDM
215417,GK
214129,RCB
233588,RDM
225659,RDM
257361,RB
247561,GK
231527,LB
208631,CAM
204499,RCB
183973,LCB
229593,LF
256282,RW
199339,GK
213105,LDM
231545,GK
213750,LM
224475,GK
242774,GK
261069,LCB
245983,RW
198129,CDM
240060,RB
262792,LCM
190778,GK
192045,RB
248294,LB
221972,LCB
191235,RCB
183893,CDM
227629,LCM
261652,LCB
252421,RWB
230296,LS
203423,GK
229894,RB
238509,LCM
199641,GK
232469,ST
251042,LM
229654,RM
234578,LWB
235537,RDM
209618,LCM
216350,LCM
233400,LCB
251411,LF
235047,RM
255662,RB
246937,RW
231624,LW
229773,LCB
237629,RDM
234624,LCB
143699,RCB
212814,LCM
239219,CAM
190625,LCM
198003,ST
228789,GK
223885,GK
213313,CDM
212994,ST
194431,LB
251312,LB
201257,RDM
223467,LS
211435,ST
251754,RCB
225053,RDM
254472,LCM
229237,RCB
221001,LCM
184913,CAM
253294,RB
202678,RB
224423,LWB
244319,ST
260444,RCB
233848,RM
192629,RS
184077,LB
220956,LCB
248019,GK
250991,LB
241379,RW
230254,LB
255110,LCB
233230,RCB
193264,RB
233394,CB
253799,LCB
233226,RCB
234119,RCM
204033,RB
223297,RWB
247328,RCM
239215,RCM
211825,RB
226514,LWB
204259,RB
236829,LS
246617,RCM
260410,RM
233227,LW
233056,LCB
241977,RS
260542,RCB
232296,RB
255729,LW
243532,RCM
240563,LM
216463,RCM
203569,RM
216194,LCM
214134,LWB
235991,ST
232110,GK
253218,RB
205212,LM
260184,CAM
233258,ST
148526,GK
254023,CAM
234079,RCB
176389,GK
202131,LDM
219746,LB
209324,RDM
260975,LB
242372,LM
203929,LCB
202493,RB
224335,RW
208014,RCB
220600,LB
231747,ST
237371,LW
209565,CDM
217646,GK
165536,RCB
170797,LDM
239529,RCM
186521,LCB
236791,RF
196848,RS
216580,RWB
184338,LCB
210843,LB
243785,RWB
190589,RM
248811,CAM
216182,CDM
241810,RCB
198657,RB
252699,GK
225126,CDM
215615,LDM
223017,RB
241894,LCB
176693,RCB
263703,RB
187052,CM
208375,GK
231570,CDM
226387,LB
253797,RCB
261606,LCB
202754,RB
229788,LCM
229215,CAM
230199,RB
225507,LCM
183644,CAM
195096,LCM
210703,ST
216134,RWB
234832,LB
230488,CAM
239406,LCB
241217,GK
205818,RCM
244952,RB
243360,LF
229176,CAM
209828,LCM
213317,LB
231007,RCM
199042,RDM
240019,RS
186416,ST
203782,CDM
199503,LDM
222636,ST
232905,RW
223489,ST
228646,LM
203605,RB
248188,LW
226601,LCB
225273,RCB
199183,RCM
256453,LS
224790,RCB
204240,GK
172553,GK
244234,LW
152523,GK
245219,LM
245370,GK
247754,RCB
212440,RM
198073,CB
222741,ST
233292,RCB
206534,ST
226386,LCB
224302,CB
189068,ST
229528,LCB
199562,RCB
258746,RW
193254,RWB
155871,GK
237410,LB
210484,LM
211006,LB
208771,RCB
247404,RB
253619,CDM
237368,RCB
246755,ST
239624,LS
165894,RS
180740,RCB
261240,ST
223298,LCM
203067,LCM
227884,RM
246790,LM
213841,LDM
221938,LM
236222,LS
240457,LCB
235374,RB
219550,ST
186140,ST
207606,GK
180216,RB
262284,RDM
177482,RDM
171146,GK
204820,LW
257516,LCB
223381,LCB
247729,RCM
204349,GK
225509,ST
248018,GK
241970,LCB
245737,RB
244538,LCB
223045,LB
261566,RDM
226261,LW
212096,LM
201878,RDM
243449,LCB
205693,ST
253281,RS
253223,RCM
254784,RW
251978,LDM
193912,GK
188970,LCM
208835,CAM
207954,RCB
228251,CAM
243222,LCM
224673,RCM
259675,CDM
233079,CAM
238922,LF
244161,ST
184873,CB
234817,RCB
254396,GK
236601,RM
251281,RCM
242306,RB
242322,LWB
212198,CAM
230978,RS
237747,RCM
210868,RDM
245248,RW
232963,RM
196881,LCB
263262,CB
214373,GK
204078,CAM
229659,LCM
221714,ST
210538,RCM
214158,LDM
255371,LM
211217,CB
225844,RW
235141,GK
251886,RCB
240587,RB
226797,LM
216666,RCB
226517,CAM
192387,ST
243551,RCM
200936,LWB
244749,LCB
248319,LM
259586,RWB
233565,LS
189558,RCB
245165,LM
235827,RM
244603,RCB
220793,RCB
234916,RM
205569,RCM
229148,LM
231691,GK
199451,ST
236189,ST
223566,RDM
202535,RS
215123,GK
209597,RCB
260251,RB
175589,RCB
219732,LW
202848,LF
224189,LCB
252238,LM
158856,RCM
230355,RCM
205360,RF
263081,RM
229636,CAM
221643,LCM
191655,GK
218936,LB
234848,LB
215568,LM
214525,GK
225280,GK
172871,LCB
255580,LB
221844,GK
230201,RB
213565,LCM
189910,RS
237291,ST
262158,CB
189930,LB
226221,RCB
259919,CB
213206,GK
243401,LS
206225,LM
223810,CDM
215735,LCM
239438,LCB
170472,LB
224675,RCM
261277,RB
186146,LS
213388,LM
234972,ST
258652,RCB
215067,RCB
182474,GK
260138,RM
204760,LB
205633,RCM
210423,CAM
237670,CAM
241184,LB
199674,CB
236786,RS
262885,RCB
226789,CAM
257803,RS
209285,RCB
227837,LCB
229210,RDM
259010,RW
247736,GK
221479,ST
232294,LCM
186488,GK
188782,RCB
156432,ST
190942,CB
222979,RB
242090,RW
258769,RCM
208370,RDM
253766,LB
209888,LM
184156,RM
230367,RB
236045,LB
257899,RCM
231614,LW
189338,RM
239928,RCB
234630,RCM
235088,RWB
236295,LWB
213665,CM
209695,CM
199767,RDM
245846,LM
237248,LS
244655,LW
237254,ST
263366,ST
213619,RS
230445,LS
244818,LCM
211748,LDM
219087,LCB
262739,ST
252758,LDM
219789,RB
213846,RCB
242283,RM
247249,LS
264104,RS
246656,RB
226271,RCM
232567,LCB
221853,LB
201129,RM
178253,LCM
223593,ST
235519,LCB
260826,LW
192561,ST
221201,LB
199417,GK
240982,RCM
239170,CAM
214611,RM
231478,LS
186651,LB
232388,LWB
235258,RCB
194934,GK
261765,LCM
200875,ST
222206,LM
212806,ST
202014,CB
189280,RCM
240903,RDM
216354,CAM
223629,LM
178086,GK
225654,LS
188081,CAM
221531,GK
247723,LM
212045,LB
211982,RB
210548,RCM
244654,GK
238895,LB
247106,LB
224251,GK
234741,RCM
230202,RB
256476,RS
252508,RCM
172952,CDM
263032,GK
202076,RB
207507,ST
219181,LDM
230708,RCB
177509,RCB
203544,LB
237383,LCB
216385,LCM
241419,RDM
209737,LDM
238263,LCB
239704,LB
208334,LB
210646,CDM
182207,GK
231303,LCB
258184,RCM
230855,RCB
209889,LB
197031,ST
218938,RCB
222300,LCM
212118,CM
233410,RCB
234942,LM
191388,LF
222215,RCM
204682,RF
233643,LCB
214991,LDM
204870,RCB
235618,RWB
203841,GK
239373,CAM
261990,RS
193504,RCB
254179,LB
240812,RCM
211117,LCM
221489,CAM
212944,RCM
235134,RCM
220385,RCB
201271,LM
213488,LM
170370,LDM
247156,RB
178415,RCM
263609,RM
258047,RWB
176994,GK
197900,CAM
216201,LS
258580,LM
224490,RB
189511,CDM
227951,LCB
239998,LCB
243715,RCB
243180,RCM
216497,CAM
168354,GK
230836,RB
235799,LCM
225174,RDM
263377,RW
256539,RCB
236944,LM
190653,RM
140420,GK
252461,LCB
213338,RF
229360,LCB
209039,RM
224421,RCB
205618,RB
192608,RM
195838,CAM
232431,RDM
214998,LCM
200318,CAM
222190,RCM
206591,RB
220545,LM
240956,LB
204092,GK
214434,LM
248245,RB
247497,RCB
231814,ST
231012,LM
247985,LCM
260478,RWB
229883,ST
227772,CDM
251045,RCM
230713,RDM
185438,LW
240409,LCB
239903,LCB
236190,RCB
183855,LCB
211953,GK
237700,RM
258039,CB
244257,RS
247180,LB
235389,RCM
254739,LM
162329,LDM
238081,LM
252716,RB
237498,RM
155463,RCB
255590,LCM
182037,LCM
235167,LCM
215157,RDM
242534,LDM
182494,GK
211004,RCM
226491,LB
251410,RDM
234827,LCB
207924,LB
230677,RCB
235849,LCB
158121,GK
251138,RCB
257007,LS
189607,RS
236636,LB
214781,ST
239207,RS
205582,RB
248863,RCM
198581,LCB
232476,LCM
246804,RCM
231095,RB
233114,RCM
189156,LCB
246923,LCM
240385,LCM
209769,LM
241811,LB
222671,ST
200210,RCM
246791,LM
215254,LCB
222203,RM
260432,LDM
240987,GK
197402,RDM
246591,RDM
238813,RCM
233419,RM
205565,LCB
236899,ST
259094,RS
255031,LM
218656,RCB
214294,CM
205054,LCB
247942,ST
216334,LDM
253922,RS
237838,LB
204451,CB
221890,RCM
233961,RM
233049,LM
230685,CAM
260197,GK
191164,LS
238923,RM
183666,GK
229072,LS
263279,RM
246276,RM
214278,LM
237135,LM
239211,RS
221772,RM
238913,LM
221553,ST
205215,LCB
244194,LCM
170027,RCB
231914,GK
237247,RCB
221737,LB
243627,RCM
139068,ST
232550,LCB
212419,LCB
217140,RM
202282,RM
243841,RCM
252930,RB
253593,RCB
200292,RDM
214665,LCM
215820,CDM
222389,GK
242997,RM
199916,RCB
205903,RCM
232148,LW
222734,LB
201988,LCB
222346,RCB
211671,LCM
190432,CDM
233946,RB
199813,RCB
188872,LCB
176071,RCM
198113,LDM
251380,LCB
262661,RCB
232413,RB
212947,RM
256942,RDM
220785,ST
198705,RCB
259204,RM
253124,RCM
233630,RS
188616,LF
232823,RCM
233289,LS
255855,LM
238068,RW
224604,LB
260611,LB
225853,RDM
236076,LDM
259907,LCB
219664,RB
223941,LB
187077,LS
260974,LM
152814,RS
238902,RCB
169416,RW
204539,RB
251780,ST
177019,LCB
227503,LM
230165,GK
241861,RB
253825,RCM
230817,LF
226110,RM
208992,RB
260841,RCB
232885,LM
243869,LCB
212424,LDM
236457,LB
222553,CDM
226033,LB
211270,RCB
226651,LCM
254895,RCB
230869,GK
209288,LM
223652,LCM
228383,GK
220209,LB
223495,LCM
183187,LM
178160,LDM
215938,LB
263486,ST
244690,LW
152996,LCM
225145,RB
212107,ST
254660,RM
244491,LCB
232244,LCM
156616,RS
204725,GK
233572,CAM
241031,RCB
212196,LW
214287,CB
206555,GK
241540,RW
228681,LCB
223680,RCM
248777,RB
230219,LB
222144,LM
219693,LCB
234200,CDM
204496,CB
210214,RCM
216518,GK
221978,LCM
255700,RM
226803,RCB
206115,CM
261543,LM
253013,RS
246946,RDM
171579,RS
237681,CAM
246873,LCB
257765,RM
262691,RWB
211907,CDM
199131,RB
248780,LCB
240683,RCM
259797,RCM
190059,LW
202208,CAM
221789,RCB
179746,LS
215651,LCB
229724,CB
243918,RCM
186990,GK
256261,RCB
212175,GK
233880,RM
239978,RW
193133,LM
232241,CAM
197062,RCB
231616,LS
237973,RM
217232,RCB
239567,LDM
213761,ST
186950,RCB
239097,ST
240784,GK
216627,ST
186537,ST
239721,ST
230295,LCB
222407,RCB
261324,RS
220090,LCB
230317,GK
189061,GK
260965,LS
256951,RS
214323,RDM
227678,RCB
200779,RS
210724,RW
221753,RDM
184269,CB
204152,LDM
202599,CAM
206594,LWB
216377,LS
246797,LM
257483,RCM
232654,GK
215650,LB
226438,LB
190939,LM
229045,LS
197928,GK
214622,RB
200731,LCB
215112,ST
221855,LM
239186,RW
226633,LCM
215443,RM
237429,RCB
242656,GK
239904,RCB
198706,LCM
232852,LDM
228912,GK
228675,RCM
151508,CM
213956,LW
183573,LB
248687,RCB
243657,RDM
255896,RCM
207664,ST
251182,LB
178319,RDM
194209,ST
205983,LDM
237840,RCM
229398,LM
261575,ST
252484,RDM
209935,RCB
215590,RM
224186,CB
211022,LM
246056,LCM
226186,LWB
233719,RB
259921,ST
191153,GK
259576,RB
257804,RCB
183807,LS
255272,LM
253170,LCB
236365,LB
254723,RS
228199,LM
219686,LM
242554,RB
260508,RW
191532,LCB
217196,CB
224422,LM
259779,ST
256024,RCB
181573,RCM
206154,CAM
186117,LDM
232756,LCB
230258,RDM
237453,LW
262267,LW
261285,RCB
206590,RM
193116,CDM
218471,LCM
207862,RCB
251454,CAM
190311,ST
262355,RM
246442,LCB
239669,RW
223404,ST
253135,CAM
215155,LDM
176687,RM
176237,ST
239048,RW
210698,LCM
223877,RWB
239768,RB
222724,RW
222644,LW
228415,RB
262908,RCB
230895,ST
243963,CAM
238127,LS
192074,RDM
201893,LDM
258510,RS
210008,LDM
236924,RCB
242343,LCB
251918,RCB
214837,RS
246113,LB
227040,LS
248547,LM
216774,RCB
258964,RCB
177564,LB
190276,RCB
254142,CM
224808,RCB
262765,LCB
202182,RW
207920,RB
212680,LM
148403,RCM
214076,GK
242160,LCB
122066,LS
236751,CDM
179840,LCB
192715,RCB
201041,LB
247883,RWB
247611,GK
229375,ST
231667,CAM
192129,GK
254894,ST
229542,GK
205463,RB
219453,RCM
235018,GK
214408,RCB
241769,GK
211204,LB
240606,LWB
258308,RB
213017,LCB
260892,CDM
198377,LB
226273,RDM
183499,RCB
209658,LDM
192270,ST
214784,RM
224550,RCB
246240,GK
244205,RM
212886,RDM
231366,RCB
235642,LDM
230447,CDM
260359,RS
220633,CAM
260647,LCM
224518,RF
248100,LCM
228863,CAM
257353,RM
256542,LWB
143121,RCM
255766,ST
224556,LB
192557,LB
193768,RB
199763,RB
224983,LW
262287,LB
199715,RM
258599,LCB
191980,LWB
211917,CB
241342,LW
169389,CB
203581,RB
205862,CM
237206,RB
253508,CDM
236993,RB
221847,LCM
242998,LS
263421,RS
241771,LW
216286,RCM
235194,LS
233525,LDM
192126,LW
232230,LB
243061,RM
105846,GK
230169,GK
254700,RS
230212,LCB
205863,LCB
253399,RW
247503,RM
245586,LM
191871,LCM
190143,LB
254372,LDM
230020,RCM
190871,LW
243988,RB
201509,LB
237582,LB
216175,GK
184392,RM
213117,RW
217841,LCB
184344,RCB
258512,LB
242640,RW
178509,ST
215333,ST
192816,LCB
233139,LS
181298,RCB
193881,CAM
239200,LM
246155,LWB
222094,RM
241607,RDM
214615,ST
233984,LCB
234795,LCM
191173,RCM
258917,RM
232610,RM
234457,CDM
200607,RCB
183712,ST
254899,LB
261663,CB
208817,LDM
253061,LW
202708,RB
220422,LM
241238,LDM
186998,GK
207828,ST
227686,LM
239181,LCB
223682,LCM
214436,RCB
255941,LB
253153,LB
239930,LCM
241693,RCM
213778,ST
218717,ST
234521,RCM
203624,RCB
216145,RCB
228707,LCB
223511,RB
234227,LM
239634,LCB
177448,LCM
227950,RCB
242359,LCB
210372,RW
243014,RS
202651,RW
236785,ST
190697,CB
198252,RCM
240675,LM
224348,GK
206423,RCB
263615,RCB
184167,GK
260190,CB
259866,LCB
254910,RM
205893,LCB
229349,LCB
199266,ST
241746,RCB
225715,LM
243023,LCB
236611,RS
189272,RM
244551,GK
198190,LWB
245278,RB
239709,RM
235055,RB
212973,GK
243210,LB
214354,LM
192634,LB
213134,LCM
232080,LM
242946,LW
258325,LM
156253,GK
204883,GK
243976,LCB
236634,RW
209256,LCB
188062,LM
204399,ST
259714,RM
219941,GK
120533,LCB
192342,CAM
222590,RS
229678,RB
245218,RS
235717,LCM
228861,ST
228759,LB
259641,LM
208188,LCB
189084,GK
229294,LCB
181820,LW
239418,ST
230234,LDM
230466,CAM
189456,LCB
224150,CM
213530,CM
224881,RW
247072,GK
183578,CB
223358,LCB
219728,RM
229803,LCM
203603,RCM
186156,RB
247539,ST
257821,RM
212535,RB
254646,LB
236533,ST
241139,LCB
183544,RW
231932,LM
235981,RB
182440,LS
200369,RM
199580,RCB
189224,ST
195065,RM
237086,CB
238067,RM
257872,RM
211143,ST
189120,RB
247459,LCB
215569,RCB
217153,RCM
208102,RCB
218013,LM
163828,LS
231108,RB
207584,RS
171875,LB
203428,RCB
215553,RS
225387,LB
204084,RB
231138,LS
213798,LCM
256161,GK
239013,RCM
233835,ST
203872,LS
237496,CAM
232162,LCM
238647,RCM
206306,RDM
186115,LB
211108,RM
255448,LW
172143,RDM
229517,LM
262812,GK
203930,LCM
219536,ST
230250,LCM
259786,RWB
198624,CB
252239,CM
236454,LM
259789,LW
202562,LB
206408,ST
222278,RWB
221961,LW
201132,CB
234573,RB
211506,CAM
235770,LB
183871,LM
238033,GK
222041,RS
210463,RM
252095,RCB
239301,LCB
167993,GK
243412,LCM
259823,ST
213407,GK
204136,ST
232226,GK
226166,RB
220087,RB
251392,RCM
191058,LB
248166,RCM
227689,LM
225682,LB
220673,CDM
176772,GK
192064,CAM
254201,LB
248266,RB
169481,LCB
262731,RCB
190640,CM
164835,GK
221791,LCM
210047,RCB
198031,LCM
263573,CB
188041,RDM
230503,ST
205897,RDM
215316,GK
205553,RCB
221600,LCB
233241,CDM
255218,LCB
244582,CAM
225873,RB
240095,LCM
52679,GK
261161,RS
235514,RCB
229971,RWB
234239,RM
242294,RCM
208461,RCM
259674,CAM
253346,RCM
214718,LW
177983,LCB
205530,GK
254909,LB
239712,CAM
230464,RW
180283,RCM
235464,RCB
199158,LDM
245231,LM
241852,RM
208135,RDM
231627,ST
230364,RM
227127,GK
224574,RW
258691,RB
200797,RB
152912,LS
194730,GK
235172,LWB
203137,LCB
233965,RM
257611,LW
258880,RB
246388,RCB
189680,LB
251429,RCM
204541,RB
186405,ST
227528,RS
260031,RM
214047,RCM
194947,LCB
256902,CAM
245750,CB
246806,GK
195620,LS
263089,LB
239323,RS
225410,LB
230426,CAM
173040,LM
231344,ST
237989,RM
253824,LDM
258365,RCM
225775,LB
169539,CB
230424,RCM
193525,RB
222836,LCM
233284,LCB
184703,LCM
213620,ST
214603,LCB
213301,LW
262595,LM
186352,LCB
236842,RW
234396,LB
199845,LCB
248576,CB
242969,GK
245347,RCB
201295,LDM
236571,GK
200446,RS
204242,RM
213502,RCB
239093,RWB
205989,RB
225647,GK
190240,RCM
242092,RW
203304,LW
231464,RW
247203,LB
247351,CAM
182156,LDM
240943,RW
245037,RCB
169324,LB
246074,RM
199434,LW
188879,RDM
220820,GK
189505,RW
229668,LCB
246715,RB
189958,LDM
202456,ST
217998,ST
225182,RM
231110,CDM
214817,LS
216189,RB
230182,GK
239894,RCM
231489,GK
221768,RCB
200758,LCB
253637,GK
259682,RB
223978,CAM
49000,GK
203431,CAM
223793,RDM
263493,LS
243185,RCB
237960,LM
220018,LM
205202,CB
247237,LM
45186,RM
201491,LWB
248296,RB
261388,RCB
236792,RDM
241093,RDM
238965,RDM
226266,CAM
251901,LCB
241931,RCM
188942,LCM
176007,RW
228366,RCB
213659,RWB
224624,RB
241073,LB
225075,CAM
236465,CB
252074,RCB
225993,GK
214097,RCM
202117,LB
235673,CB
263163,LCB
262585,LM
243793,RM
230653,GK
222665,CAM
238717,LCB
244456,RCB
186508,GK
260108,CAM
209895,GK
237566,RDM
245541,LCM
234843,LCB
250813,RCB
246275,RM
202322,LCM
194354,LB
208776,GK
225355,LDM
193698,GK
215097,GK
258133,GK
239337,LB
241995,RCB
210881,RCM
253611,LCM
247009,LWB
242062,RCM
206254,RW
150659,GK
247667,RM
254475,LCB
241002,RW
230267,LM
236075,LB
178417,LCB
184890,RF
111590,LW
259119,RCB
260431,RM
189332,LB
260357,LS
243245,LCM
205369,LDM
221692,RS
235398,LM
233885,RCB
248752,RWB
193740,LB
219581,RCB
259825,LM
225681,RCB
242547,LB
231745,RS
211053,GK
210537,LM
229985,LCB
199647,CM
155862,LCB
194014,LWB
192598,RS
199283,LWB
243904,LCM
238009,LWB
223926,RCM
223694,LCB
156259,RCB
239818,RCB
242845,LCB
221658,LCB
244669,LCM
224538,LM
248492,RCB
243857,LB
216526,RDM
212219,RCB
251408,RS
237930,LCB
252700,CB
237560,LM
229637,GK
234906,LM
233591,LB
183567,GK
240346,GK
232728,LB
216816,ST
195361,RB
230269,CAM
202331,LDM
204131,LDM
226580,LM
226382,RDM
205869,LM
253861,LB
232623,RCM
228279,GK
239523,RCB
240511,RCM
188538,LCB
220772,LCM
189077,RF
247403,LCB
170890,LDM
258687,CB
220028,LB
230289,RW
238559,LCB
256678,RCM
202301,LM
243556,RCB
252064,RCB
242840,LCB
214606,LCM
233871,LB
211527,RM
204730,LCM
202078,LDM
228376,RCB
257259,LCM
255438,CAM
254789,RM
209196,RCB
187338,RS
254851,RDM
184457,ST
215057,CDM
233166,LCB
215250,GK
231838,LCB
225149,GK
229817,GK
251223,ST
230324,GK
216791,RCB
236382,CB
229556,LW
259626,RS
214190,GK
232189,RCB
233017,RCM
204842,GK
199088,RWB
241487,CAM
198198,CB
253052,RWB
178051,RDM
263583,RCM
234054,GK
182096,RM
238568,ST
219797,LS
231063,LDM
259340,LB
262423,RCB
224540,LS
167495,GK
247474,LB
231443,RW
248009,CDM
219177,LCM
203725,LM
234279,LM
262417,GK
200443,LB
212879,LW
234631,ST
247671,RM
240100,LB
224094,LDM
218658,RCB
232358,LDM
186745,RM
225187,CAM
191108,LWB
222693,LM
205855,CAM
232363,RCB
230407,LCB
230871,ST
257036,RB
257548,LM
223857,LS
208158,LW
210864,LB
244067,RCB
264008,RM
258025,LCM
239571,LB
206075,GK
230325,RCB
208153,LS
237985,CB
197061,RCB
203902,RCM
259265,RW
142902,GK
3467,LS
251689,RCB
244680,LWB
214379,ST
213106,RCM
235173,LDM
224444,LDM
229628,LCB
172114,RCM
233408,LS
235813,RCM
242084,GK
262899,RCB
260923,LCM
245157,CAM
209890,LCB
239696,LM
221342,RB
183795,CB
229236,LCB
242758,RB
216467,RM
251326,LM
237407,RCM
222429,CDM
215309,LS
192732,LDM
231014,LS
215370,LCB
248148,LCM
224293,RCM
261000,LCM
222900,GK
226005,LWB
241239,LM
206307,GK
224597,CAM
262501,LCM
262334,LDM
262929,LCB
255037,LDM
53110,GK
190769,GK
240725,RCB
230446,RCM
237794,RB
208830,ST
240332,ST
254719,RCB
217709,RCB
259214,RW
261532,LB
204120,GK
230495,ST
199294,RDM
224099,RB
261242,LB
232310,LCB
230387,LCB
241034,LW
233731,ST
235634,LWB
199914,LDM
173731,RW
253657,LCB
243252,LB
220883,ST
213614,RCM
224885,LB
209166,GK
230229,RCB
213571,RB
228894,RWB
230829,RB
205340,LCB
259953,CDM
195698,RDM
198350,GK
212484,RM
238074,RCB
246723,RCM
239364,GK
203095,RWB
242433,ST
243881,LCM
216226,CM
229541,GK
221974,RCB
195519,LCM
258648,LB
225974,LCB
230919,LCB
201094,GK
246740,GK
252970,RM
201025,LCB
247734,LCM
260369,RDM
245340,RM
190979,LDM
212592,RCB
234505,LCM
235544,LCB
228388,LM
231016,LCB
260294,CB
257439,GK
246764,CDM
228638,RCM
233520,LW
246771,RM
201931,GK
220621,LM
227928,RWB
203843,RB
223687,RCB
193260,ST
255445,RCB
229207,RM
230371,RB
222003,RDM
202482,RWB
218976,LM
242174,RW
253537,RB
199304,RB
224543,GK
258421,LB
219244,GK
229882,LCM
251461,RM
259707,LCM
213871,ST
242423,RCM
193361,CM
257341,LM
235151,LDM
253275,RCM
211299,GK
211348,GK
239003,RM
213689,CDM
173671,CB
245736,RF
211093,CDM
226376,CAM
241993,LCB
222582,LCB
231093,LCB
238581,LM
185199,LS
230361,RB
209177,LB
227288,LCM
239042,LDM
234134,LCM
199465,RCM
214840,RCB
51694,GK
194077,LCB
224201,RS
247385,LB
201223,LCM
255475,RW
189324,GK
239875,RB
203173,CAM
233064,RW
213677,GK
189177,LCM
243582,RDM
239368,LB
158963,CDM
179783,GK
200302,LDM
219956,LB
189225,LS
196688,RWB
185010,LCB
226300,GK
250854,RB
261571,RCM
234060,LDM
199745,CB
192397,GK
188091,ST
192679,LB
220039,LS
236441,RB
207589,GK
236251,LCM
211002,RCB
240506,CM
224149,ST
212790,RS
236308,LB
224591,RDM
210406,CAM
251554,RM
200104,LW
251771,GK
261650,RB
242342,LCM
228017,RS
200700,RCM
213160,RDM
193061,CM
173859,ST
200425,RCB
261152,GK
165229,CB
209210,LCB
216428,LM
239738,LCB
232692,LCM
258575,LCB
231423,LM
235807,RCM
234171,RM
257290,RB
234066,CAM
231840,RCM
202413,LCB
162347,LCM
252008,RCB
223283,ST
248471,LCM
236543,GK
161938,LS
258483,LB
241461,ST
254181,CDM
256597,LM
244940,LM
223570,RB
211166,RCB
212287,RCB
238961,LB
215527,RCB
199051,RCB
138699,RCM
241783,LDM
227791,RWB
210282,RB
241673,LB
244688,LWB
227526,LB
216193,RCB
227819,GK
226215,ST
211272,LCB
208432,LCB
246826,RCB
230312,GK
202556,LW
237580,GK
184614,ST
241318,LCB
203309,RM
243788,RCM
261413,RWB
262523,LCB
228195,RM
231828,CB
247264,LCB
252235,RCB
204513,GK
192811,LCM
182206,GK
226152,RCM
232803,CAM
237329,RCM
244126,RB
209289,LB
228321,RB
182713,CB
197831,LB
233508,LM
202570,GK
247131,LB
230457,RCM
247391,ST
203430,CB
244034,RM
205956,LCB
236938,RM
211952,LW
253760,RB
218298,GK
210367,RDM
199830,CAM
262622,RCB
246845,RW
200601,RDM
197238,ST
226447,CB
238779,RCB
240211,LM
230774,LCB
212622,RDM
244889,LCM
228231,GK
260185,LDM
242490,LDM
259115,LCM
200065,LCB
207622,RCB
207952,RCB
246013,RCM
210385,GK
247216,RCM
223608,CAM
219680,RCB
211604,GK
245158,LM
190738,CAM
231090,LB
213777,CAM
262538,LW
245428,LB
165429,ST
245849,RCB
221358,LCM
186143,CM
226423,GK
224014,RCM
239540,RCB
188524,GK
235889,RM
189945,RM
255454,LB
230718,RB
185122,GK
211499,LB
239126,RB
248250,LB
204219,RCB
252030,LCB
262449,RW
210602,LM
230524,RS
257649,RCB
236535,LCB
258465,RM
224669,RCM
215363,GK
213321,ST
243042,LCB
230381,RCB
229428,LM
228908,CAM
166764,GK
232174,RS
228292,LCM
214772,LB
225539,ST
214366,LCM
233282,GK
248718,LB
239701,LW
246646,LDM
213805,LWB
255876,LM
248735,GK
248274,RB
221989,LCB
252387,RB
263034,LCB
205678,RM
241689,RM
190416,LCM
190717,ST
248147,LF
242906,RB
222077,RDM
234698,LF
235553,LCB
202801,LCB
256695,RM
255963,RCM
210783,RCB
238117,RB
242893,ST
259752,ST
194841,RCB
186801,CDM
50632,CB
230521,RS
228682,RB
242542,RB
245521,RB
241833,LCM
228732,LCB
215251,GK
188996,RS
228738,RW
260045,RCB
210583,RCM
198195,ST
222181,RCB
197996,RB
185243,RCB
233445,LB
215817,ST
215144,LB
257732,LDM
230776,RCB
246909,LB
209335,LB
192231,RWB
199288,RCM
228245,LCM
209839,RCB
211345,CDM
199750,LW
233931,LCB
230975,LW
242919,RCB
233969,RCB
207669,RM
236025,ST
256418,CM
210653,LCB
170305,CM
199556,LCM
242748,RDM
221312,LCB
212625,LCM
239512,RCB
256065,ST
242596,LCB
189712,LCM
255082,LDM
244202,LCB
210923,GK
240734,RCM
210324,RM
250724,RW
184900,CB
183285,LCB
253303,LB
230293,RCB
252736,RB
251285,GK
230333,LB
210820,LCB
203966,LM
204525,LCB
188042,LS
259695,GK
211987,RB
146748,GK
211846,LB
253943,RWB
232730,CAM
215368,RWB
244497,LB
252715,ST
186942,LCM
255523,RB
222240,RB
208520,RB
163925,CAM
238674,GK
241362,LB
198241,RM
257646,LB
198811,CDM
212190,LCB
220714,LCM
246618,ST
251511,GK
206517,LW
261523,LB
215703,RCB
222947,RCB
220356,RCB
228368,RWB
177790,RCB
228073,RS
215081,RCM
240773,LWB
256107,RWB
261298,LCM
240500,RCB
262484,RWB
221125,ST
179931,LCB
208309,CDM
232658,RCB
179573,GK
210966,LCB
178600,RCB
204269,GK
235014,RM
187154,LCB
204030,RWB
238945,RCB
192012,RCB
184229,LWB
189357,GK
208104,GK
229839,RB
207562,LS
199568,GK
244677,CDM
252710,LF
261081,RB
253713,LB
243576,RWB
235744,RM
204445,RWB
258523,LB
214882,LCB
231948,CB
247360,RCB
256691,RB
232871,LCB
229348,LB
245261,CAM
221912,GK
223553,LM
258609,RB
233887,RDM
252318,RCB
202073,LCB
202949,RWB
254220,ST
235059,RW
223249,GK
236244,RCB
209007,RCM
224231,LCM
201936,GK
224151,RS
184980,LB
192020,RB
223255,RB
239980,RCM
251842,LB
250766,LW
233012,CB
215657,RCB
213325,RCM
243834,RM
177537,LM
222351,LM
200353,LCB
214979,GK
215786,CDM
229793,LS
195427,ST
242489,RM
181291,RCM
173518,CB
220826,RDM
242380,CDM
221370,RB
228883,RDM
176996,LW
209485,RCM
228124,LCB
189211,LM
240493,GK
239606,LB
197948,LCB
162047,LCM
211848,RS
205361,LDM
220041,RB
235782,RCM
237138,CAM
221976,RB
248315,RM
221634,CAM
241788,RS
255578,ST
243951,RCM
207753,RCB
225117,RCM
204639,RCB
226103,LB
177279,CM
223263,RCB
228302,LB
251532,RS
255529,ST
262803,RM
262347,LCM
202858,RM
236963,GK
192620,LCB
177553,LB
240517,RCM
254928,LB
200286,RB
227869,LCM
230397,LCB
226536,LCB
229620,RM
240057,RDM
211591,ST
195859,ST
230346,RDM
211738,GK
208240,CM
225996,LWB
214096,LS
238205,RCB
226604,RM
214421,LM
246341,LB
232904,LCM
183449,LCB
242156,LB
220821,LCB
262344,RCB
239820,LCB
258607,LCB
213092,RCM
199285,CDM
256746,RW
241117,LM
202223,LM
193958,LB
217217,RCM
212130,LCB
206065,GK
205210,LCM
194806,RCB
186715,LB
201901,RB
189383,LCM
213434,RS
214634,RCM
186197,CAM
204970,RM
190637,LCB
262985,LW
201922,LCB
212398,RS
225125,LWB
240176,RCB
202819,RCM
222116,RWB
232526,LCB
220573,LM
232869,CB
223925,GK
206472,LB
253615,RCM
191848,GK
253816,LCM
243456,ST
231947,ST
236537,LB
230019,LB
248097,RB
198642,LCB
259868,LCM
247136,RM
204307,RB
191333,LB
215914,RCM
180281,RS
256730,RWB
222435,LCB
208675,LW
213905,ST
208730,RB
239106,LB
259773,LB
235619,LW
263786,RDM
204538,ST
222988,LCM
189509,LCM
234002,LDM
214191,LCB
258121,RF
262906,RCM
230259,RCM
244514,RCM
203575,LB
237122,RB
244800,RB
248775,LS
239550,RCB
241404,RCB
196069,RW
236757,RS
221499,LM
232106,RB
150724,GK
178589,LB
192041,RCB
215338,LCM
214582,GK
213327,RCB
247412,LCB
182435,GK
248061,LW
213711,RCM
238570,GK
251333,LB
230991,ST
254770,LM
216736,CB
253609,CM
230502,RS
212753,CAM
231044,RCM
240947,LB
159034,RCB
213949,ST
233483,LS
223727,GK
236319,LDM
199946,RS
200713,LCM
206520,LDM
222558,RB
200502,GK
243622,CB
205578,RCB
222511,GK
188196,LW
167397,ST
132740,GK
225213,GK
206114,LDM
204987,LM
192123,RS
219180,LCB
246137,RB
258371,LB
225289,LW
233047,LCB
231411,RB
223046,RCB
231897,LCM
211119,LM
213813,RCM
198903,LCB
238576,RCB
209369,RS
257873,RB
260177,RCB
255753,ST
201535,RCB
244751,RCB
146296,GK
194726,LWB
210831,RDM
262554,RDM
210140,GK
236733,RDM
258973,CDM
230249,LDM
201078,LWB
171791,RCB
264465,RM
206006,LB
208589,RM
207892,LM
239801,LWB
200781,CM
190674,RCM
245279,LB
182941,LCB
233924,LM
231139,LCB
221443,RCB
199477,RCB
184472,LB
214169,LCB
225731,RCM
255827,RCB
243851,CAM
201285,ST
254891,CDM
223697,LM
203264,RCB
246407,RM
250997,LDM
212225,RCB
255185,RS
236841,RCM
212127,LM
241708,RCB
208502,RB
213010,RM
263903,LM
213694,LW
250725,LCB
251497,CDM
221106,CAM
253810,LCM
223668,LM
234889,CAM
212735,GK
231379,CDM
251364,RCB
256689,RS
230318,GK
188988,CAM
243956,RDM
241954,LW
207557,GK
255233,CAM
244377,RCB
240977,RM
245174,ST
205225,LCB
198230,LCB
255434,LS
216183,LM
167753,RS
251309,RM
262430,RW
260021,GK
224137,LS
220295,ST
193569,CB
205942,GK
157528,LM
260843,LS
251779,ST
223641,LCB
185388,CDM
233606,LM
226765,RS
253463,RB
220187,CAM
229091,GK
184990,RB
239443,RWB
239433,LDM
227878,CDM
257669,GK
255586,LF
179947,LS
210879,RCB
243756,RB
237965,RB
223240,RB
211021,GK
205498,LCM
179725,LCB
214208,CM
233790,RCB
209297,LDM
244797,ST
239025,LS
252883,LCM
246230,LM
259504,LCM
211955,CDM
203280,RM
253314,LCB
183997,RCB
232465,RCM
189514,RB
216265,ST
233207,RB
211864,LM
214088,GK
199060,LCB
231612,LM
225922,RCM
248251,RDM
245238,LCB
239755,RW
232194,LCM
251804,RB
229153,RW
223355,RCM
211271,RCB
231396,LCB
258718,GK
194053,RCB
262413,RB
237943,CB
238860,LCB
263707,CB
230498,ST
153062,RW
262403,CAM
247333,RS
225668,LW
202089,GK
187598,RCB
227236,LCM
244407,LCM
259486,LM
156894,CDM
230308,LB
186135,RDM
18115,LCB
212067,GK
205175,ST
234742,LM
227174,RB
219912,RM
212811,LCM
227278,LCM
227953,RW
183442,RCM
253920,LS
243134,RM
234913,RM
260952,LS
251565,LCM
245810,LCB
204464,LCM
186562,ST
227642,LW
212207,CAM
212442,GK
251760,LCB
234242,RWB
231150,CAM
233927,CAM
230255,RDM
193847,LCM
211793,RCB
233550,RM
236695,LCM
193359,GK
205015,RCB
221053,LWB
211019,RM
251848,ST
237347,LB
257243,RCM
199897,LDM
255414,LM
241710,LCB
242664,RM
210723,LWB
225375,RDM
242749,RCM
260283,CAM
262416,LW
261359,LB
182409,RB
255319,ST
189110,LCB
234412,LS
263396,LCB
254148,RW
233006,RB
231025,LCM
253842,GK
184111,ST
252512,RCB
232446,RCM
261182,RB
243589,LCB
153079,ST
231571,RM
231885,LB
225237,LCM
230442,ST
246430,ST
176246,RS
233544,LCM
179903,LCM
202693,LCM
201038,ST
254188,LCM
243886,RB
199730,GK
262261,RCM
254685,RB
242007,RCB
187961,LCM
257234,LWB
232511,LCB
246750,RCM
